,Simulated_αA,Recovered_αA,Simulated_αAB,Recovered_αAB,Simulated_αABC,Recovered_αABC,Simulated_αR,Recovered_αR,Simulated_αB,Recovered_αB,Simulated_αC,Recovered_αC,Simulated_αBC,Recovered_αBC,Simulated_αG,Recovered_αG,Simulated_αH,Recovered_αH,Simulated_αJ,Recovered_αJ,Simulated_αK,Recovered_αK,Simulated_αJK,Recovered_αJK,Simulated_αT,Recovered_αT,Simulated_αTJK,Recovered_αTJ,Recovered_αTJK
0,0.746043656436526,0.7461300349559554,0.8173408804738082,0.8174630934600127,0.11633320789478925,0.11629956855048423,0.5560016426853178,0.5562200807912705,0.7177046114045206,0.7176321489168104,0.7791330855594567,0.7791116490840133,0.2771888378831107,0.27731325817863695,0.4787585221315323,0.47847534164835637,0.1774537200197878,0.17738863588408527,0.5138664650032296,0.5139097151108453,0.6207034981293046,0.620745355641714,0.35415414264973943,0.3541607846194873,0.588808426579681,0.5888736674214446,0.38918623125138435,0.702956393131685,0.38897054930811786
1,0.8037531240815733,0.8034967951025067,0.7854161879115615,0.7853552067094313,0.5814985476612878,0.5816914882127618,0.6191692706224723,0.61912083112466,0.485341369563493,0.4855565849529606,0.4827182929536115,0.48261391784231494,0.3946229001306548,0.3946613807489788,0.9554015723626282,0.9554109480972485,0.47971726596008474,0.47974201744645883,0.45171606995618246,0.4515711278385473,0.7013621708455076,0.7015682448991718,0.13079328116861785,0.13083033962936336,0.4476663224494488,0.4480442441724566,0.8659148317366451,0.28428816974387056,0.8661476023406731
2,0.6816918824046901,0.6819142515512386,0.4903486082083789,0.4902521303478836,0.6460815187911957,0.6461644482378855,0.38969855968386946,0.38985102712217723,0.5584509312396779,0.5585782143625246,0.3388348108385548,0.3388612756110181,0.5014319661117708,0.5015398996139556,0.5884211753596696,0.5883109773672831,0.678913110494932,0.6786124320360707,0.6847735259733353,0.6848350683247374,0.3861337838761168,0.3861801516430161,0.3279130734487119,0.3278815828399759,0.8929363663530067,0.8929140398786911,0.8051944348328592,0.5771214243963928,0.8052199399911351
3,0.2098648951289517,0.20975178654580645,0.7244012321243222,0.7244217286401178,0.5781457849415599,0.5783093050239654,0.5604685077184627,0.5603232003893582,0.33557760743112686,0.3356620130064722,0.3722058958554626,0.372173922159024,0.39776510029534334,0.39788506545932173,0.6034106235595348,0.603062279463855,0.38120001001182874,0.3810159939221576,0.5144714646442521,0.5144170639157454,0.570567217884453,0.5704075435949592,0.4059798905342442,0.40598703796827296,0.3760974854839004,0.37601402493780745,0.6036138121903004,0.778192827954438,0.6035372983819487
4,0.4162478882163222,0.41618026058722574,0.6052302449015878,0.605201086930049,0.6006562644775775,0.6007838673607677,0.8472349170078877,0.8473317100735929,0.21923720671325708,0.21929510996046592,0.19366632745643633,0.19376778800146174,0.6509788904357625,0.6510693830811681,0.8083446768056504,0.8080899241176503,0.5350741549948896,0.5347870427688769,0.2489534608001212,0.24912675894702216,0.7368605442487458,0.7369100314509452,0.5612778438403245,0.5614172179731522,0.36531025022621016,0.3652091863071574,0.3054052381062185,0.47782091224572737,0.30548114793546355
5,0.30828438288097804,0.30801874628808307,0.48964728775809335,0.4897204261228236,0.22225604736710494,0.22240221086924788,0.4636619012141866,0.4637564239708469,0.05296417129325711,0.05296117136851931,0.6654193767701115,0.6653668871046657,0.12463118891211437,0.12466894876813102,0.7088260189341647,0.708600471227317,0.6489390521192663,0.6489718889421154,0.09726023531469492,0.09721932842415916,0.1800438548531386,0.18002494393241608,0.935907536609993,0.9357562909574343,0.5957456955462744,0.5955285832519247,0.8395221962307834,0.26597268334557866,0.8394887549877906
6,0.7995926312978798,0.7993758842243365,0.7662463880483059,0.7663605286657595,0.6275938413489434,0.6276455399891877,0.6717883994227171,0.6717025993455641,0.18752881842505756,0.1876586096920761,0.4317743341659447,0.43167918041790593,0.44898600716651554,0.44895089979189295,0.8366958997653643,0.8366306988223291,0.40452796693194965,0.4046034187014923,0.3018078512665267,0.3017263722290054,0.18644590711256703,0.18639764615732068,0.4580034416556039,0.4578186805209028,0.6513121587496293,0.6511564624750421,0.2122780927062474,0.6084611879816755,0.21224475433072482
7,0.4400992677122421,0.44003643043682583,0.4833768558672695,0.48355152159174725,0.7779718648304635,0.7779278289216314,0.42382662780776303,0.4236202930962887,0.7903405656539695,0.7902052226576648,0.7315414260342222,0.7314339802127976,0.7712854996539805,0.7712517454258324,0.6055796501736462,0.6055192511623592,0.5094583717028328,0.5093476038565937,0.350303256032389,0.3503061607813382,0.3092490146718396,0.3093287888246413,0.21249117587495667,0.2125196653975151,0.49009791913966577,0.4899688028225325,0.8937057038711816,0.416127765410394,0.8936559617690913
8,0.3612468515089011,0.3610690434001819,0.5386582296791728,0.5384471135803182,0.3805761300077883,0.38056340081523304,0.1492853465501335,0.14924980150544556,0.868455554334056,0.8683877725045902,0.6777024971115903,0.6778413222679694,0.706654108525986,0.7066201573318495,0.7266173652969639,0.7268251124601601,0.5938512727933398,0.5938548635153321,0.49597851542861066,0.49577503242304605,0.4769349376168603,0.47708787971213706,0.7726733648353551,0.7727440680522347,0.36908951220073366,0.36911838901078076,0.6554430608780112,0.4610644029017625,0.6553160824375367
9,0.7759249081126056,0.7757454556268601,0.43083213496040046,0.43083654095911245,0.30428456102257984,0.30436892089442785,0.35485655290230705,0.3547009969029827,0.22377628727900442,0.22377268939179004,0.7199178376294131,0.7198347497543012,0.3909586183968496,0.3909193949733453,0.3086509058770102,0.30857839595171754,0.5619848000067039,0.5620804593590154,0.4689460404631315,0.4689222717526646,0.8078365888492111,0.8079610794773906,0.7590849288386069,0.7593084940836716,0.773848828226966,0.7740659300251914,0.22949403908674185,0.19577754135026457,0.22958965260428102
10,0.7281186435429682,0.7282041236208197,0.961297352233507,0.9613384580651918,0.33903775132651437,0.33923583828896,0.4810766990314994,0.48147613978420156,0.7362671745189463,0.7363771950173849,0.4084266700794152,0.40833354956628637,0.5694325586765892,0.5694821077099859,0.3416183931261998,0.34181548675409396,0.4236753933696452,0.42404844236533445,0.16479800389793714,0.16467419245223108,0.685750540962454,0.6853813551216581,0.549238252980863,0.5490019958015702,0.824157332898913,0.8242143313715965,0.8104602449185434,0.26641352302822763,0.8103807061399577
11,0.5834336821602157,0.5831926032689583,0.6680095215806675,0.66813997878009,0.3958003948019665,0.3956300784418434,0.4864422219864827,0.48630904852334395,0.26800453303428023,0.26794167107474465,0.3812465435014783,0.381249731495658,0.37945482698577176,0.37948940011995935,0.029043938332901306,0.029045889492866735,0.47823333634181564,0.4782722186993763,0.8291677219989828,0.8291274532529308,0.6079586214042725,0.6080771708674109,0.14701728504261546,0.14708486006825144,0.5214083883829029,0.5216339062169839,0.9444970962168087,0.5332904659171607,0.9444892079576211
12,0.5391351714407002,0.5390844127054897,0.26800221084180087,0.2679748646252969,0.8688383779915575,0.8690758705527737,0.5762171126838244,0.5759249544613443,0.3979895822963253,0.3977499396416796,0.5966735356845013,0.5965749725010908,0.19850402782796306,0.1985516324981293,0.5035669796519049,0.5036940736764223,0.3334766851468515,0.33361747707739114,0.3882778678119193,0.3881912062637157,0.8695435015560581,0.8696130000643013,0.5747748166557132,0.5749424411015512,0.20807535331827212,0.20822066625040267,0.8161320099670774,0.15929093299443758,0.8161689199931131
13,0.4536593347682852,0.45350823741409313,0.4985894250276956,0.498763461995232,0.17475619036697257,0.17472343227193338,0.3125534423474123,0.3126222120920933,0.33496245283341375,0.3351501159593835,0.3451783626771464,0.34528535294129176,0.25337924864714106,0.25349567229306336,0.715720041643613,0.7158966896712202,0.27411272905948864,0.2741867018152235,0.4696889756831772,0.4695021786238673,0.4353345579556264,0.4351733715248891,0.6237400334258212,0.6235830431434857,0.865027319851875,0.8650893335839694,0.5464085557955624,0.4020956072379157,0.5464650645389656
14,0.24192220874167217,0.24187683559820572,0.31490220898842447,0.31479841594693225,0.47573779328579713,0.47594005215018637,0.6924978514170007,0.6926073642083062,0.2801836565342216,0.28019713122371753,0.24831300495184044,0.2484999433812485,0.311447039312563,0.31146963450143766,0.39989479417495266,0.40000090332401184,0.28858813984909426,0.2887887710565016,0.8866376260943793,0.8865360743489396,0.5976453866402639,0.5978980734744077,0.45482136718382277,0.45491781717190544,0.665790790695189,0.6657358666528153,0.5868856967625053,0.5232640117809764,0.5866697925949627
15,0.8131780365855531,0.8134891872634845,0.6644082392169899,0.6643467532187763,0.24768880482831981,0.24770205111522306,0.3018585996866271,0.3017499317391711,0.6820205985709575,0.6820937376573463,0.6010788817354344,0.6010006195555292,0.7869033143601326,0.7868109364590669,0.19096036105878852,0.19094102734717328,0.238103008865329,0.23804151573273366,0.8296684316640208,0.8294681653337891,0.47179256935496433,0.47199581686495296,0.288403354932985,0.28842335007553555,0.6874432953143361,0.6872072298455545,0.4623502230212945,0.21107484879762647,0.46239425720970995
16,0.7088030067241113,0.7086344729703101,0.15337787708391803,0.15333135555534128,0.17823821280062013,0.17819866522632444,0.9488283919088399,0.9485872395897909,0.4679409140450587,0.468306877993946,0.4010828508350902,0.40102303706381326,0.08414651191831488,0.08412265707425035,0.4041606638644205,0.4041121251985328,0.13026011451642389,0.13018696280731562,0.4433266960376058,0.4430978513833095,0.2928055869092626,0.29275676741278106,0.6996693873334261,0.699552666736729,0.5084293545458903,0.5085373187989931,0.608016772951574,0.1959245493262458,0.6081792341505895
17,0.44698855166398,0.4469164093632142,0.5254894005590044,0.5255179553784368,0.5257843103437043,0.5256422546527031,0.5506634590926595,0.5505996821044583,0.22310178441187795,0.2231131819065959,0.22866968067752777,0.22849933667561967,0.27451127575949796,0.2743613068855033,0.24777236405791522,0.2476637384101811,0.6494231127461408,0.6494130479260383,0.5777021462655614,0.5778256123465505,0.8434305634432846,0.8434153243856701,0.2334555030079859,0.233469219015823,0.4134294417873661,0.41371656983654753,0.2623892045672223,0.253628908575262,0.2624196167082353
18,0.5606721844255518,0.5607845323704905,0.7607087320574674,0.7607838969282931,0.47723646872088876,0.47712920416718185,0.8374846865297545,0.8372747614790398,0.27765018161304517,0.2776616959737545,0.824276130897456,0.8240729770075406,0.31801072114880874,0.3179741092377071,0.8275572991650021,0.8276665829960186,0.5360675668364149,0.5360857169887172,0.6966236553862247,0.6966671773593621,0.5470479994776891,0.5470349243434686,0.1371731358109191,0.13716788808823016,0.7007451279021459,0.7009320737321618,0.3080488215724957,0.44548502974374776,0.30814762165623233
19,0.4454469045304747,0.44543672770372333,0.7273206401436144,0.727410815990079,0.09679784658026866,0.09672290068933274,0.6175285740327031,0.617486343714218,0.17469222463054535,0.1746702394325335,0.695002372474019,0.6949333206976892,0.5634555577538809,0.5633915864264638,0.344408055629748,0.3444190491853973,0.16676538088331233,0.16676330863909897,0.3373152527736364,0.33755949455046197,0.3958845837598849,0.3958159360798094,0.9257346873864257,0.9255503365005324,0.14957673812388336,0.14960286459679759,0.38423537034193506,0.6024452079985713,0.3843764099280738
20,0.32519238806157347,0.3252212441626985,0.6395157886405269,0.639704986956315,0.8919566255640085,0.8919195544287708,0.19115444010682345,0.19125956432382585,0.6317808416545148,0.6317018684637848,0.33409176458690365,0.33421577099210725,0.1738796433828483,0.17383868019745366,0.6428013178015788,0.6425915999036405,0.4012067352208228,0.4009678979923782,0.6777069985129086,0.677764857336683,0.009263423306343195,0.009269255584635592,0.6469866326890937,0.6469757043789822,0.5053074524295509,0.5052848612165014,0.5597170227921452,0.4867476599653111,0.5597946603333686
21,0.5393822902450455,0.5396601506489613,0.759128608764137,0.7589243286654724,0.8187728409267708,0.8188450330623129,0.693237818783525,0.6932414552923124,0.6591702352686469,0.6591700814311705,0.13781042263149124,0.13774430017778247,0.35107358359843094,0.35115804311412946,0.7839938411235028,0.7842190449662901,0.0825589992124553,0.08256467805776233,0.13405835337092756,0.1341453297810923,0.7689589222884307,0.7689593330476499,0.4444455004289306,0.44437283580330894,0.80213455285174,0.8021932055099512,0.4017701474177934,0.3203068779511517,0.4018274051329671
22,0.6028068560914935,0.6028723883953323,0.4846998019987402,0.48463231306227633,0.35874535176991607,0.3586992200802055,0.3062963294989921,0.3063717950131646,0.6420052516207949,0.6421028182891884,0.4061166551980385,0.40604959664575346,0.4115371838683599,0.41155638113386533,0.21273013239051647,0.21262674849027452,0.31385128740726653,0.31385162547680745,0.20994873132487624,0.21000373331352828,0.050506237287812214,0.05049192415566356,0.6349919332673195,0.6345366919976873,0.8261134695669812,0.8258442350979622,0.7475064721342318,0.4802481394381228,0.7473284790694408
23,0.4219026343633459,0.4218490116403347,0.6471098077554309,0.6473437228017294,0.31238907868997523,0.31260055384403795,0.2563669807812835,0.2561666125054006,0.5976331957569092,0.5975376439875677,0.1590124283772678,0.15914998123585897,0.1678218093884822,0.1678811704511043,0.4373658781947696,0.4374042302982156,0.9059588241623399,0.9059835266525911,0.3275008548544348,0.32757795576441606,0.45558112322678385,0.45568262698135065,0.4059259024071454,0.4059072065653447,0.7502861657446079,0.750195672476958,0.18852172578420312,0.43633790709357856,0.18842172570114082
24,0.3560411295974465,0.35611761935687164,0.7271392693741834,0.7269210366476455,0.4601856961161766,0.4600717565936129,0.31887736059971616,0.3186326460473472,0.7700158910706443,0.7698824047522067,0.30132937547405186,0.3009779974559307,0.26913840013706414,0.2690882090778631,0.9054172201001052,0.90540161713996,0.25438667716123736,0.2541282402551405,0.4884432484621322,0.48847521053953324,0.07551291868071094,0.07550431934596384,0.5926733243188375,0.5926703773302561,0.3581057288797257,0.3581790805123834,0.09822426024449678,0.6524539166069036,0.09823108143486967
25,0.46324605918788775,0.46346271598360966,0.8361895128547615,0.8361468444980878,0.32981926829794583,0.32985064426515265,0.775978804304739,0.7760600224237224,0.4619919320039445,0.4619307705033563,0.5085111576133152,0.5085996788373538,0.4675588297297557,0.4676324897426965,0.7678014603640199,0.7677267005846481,0.33395780375437095,0.33388148512890603,0.5362234762956342,0.48449289823324326,0.8941787141613571,0.9228170218394952,0.0075317235731701855,0.007930037011142524,0.09011541108934393,0.09009443511266685,0.3777558508008428,0.7556616481537387,0.3994465415337721
26,0.800710864928426,0.8006452851253613,0.8018948416371519,0.801693272564422,0.2386741620548236,0.23870417593573798,0.18507867580236917,0.18506263596505487,0.4810631672822104,0.481220990385169,0.8876476792909103,0.8878605119944072,0.7234442000406077,0.7234311224432545,0.5124496559084494,0.5126658244655156,0.5122427526649275,0.5124058120710804,0.644124252885489,0.6440470580577504,0.05091003147126643,0.05088994501106028,0.4973146130913277,0.49707369904742355,0.8129850588632687,0.81315459251631,0.6838214015574358,0.22168438383327757,0.6837259723470487
27,0.6446757545407399,0.644718237370386,0.612258913678895,0.6121598275906716,0.8658894247795508,0.8658999151326473,0.461013967562714,0.46102928452883135,0.7742823999449654,0.7742617316159119,0.674230623707252,0.6744440518597488,0.8894137924060467,0.8895870241856678,0.6912550018622011,0.6918063369069894,0.7223145334670101,0.7228801497832547,0.6618362144673573,0.6620318106022779,0.9043282886132615,0.9043516214333256,0.7363861004789172,0.7363593534853902,0.5574464577125569,0.5574419132584338,0.9167473012924056,0.2554870547318366,0.9168073004311952
28,0.09080558059749251,0.09077500651684764,0.5607686998262962,0.5608904968203258,0.39005042371735327,0.3899799391550865,0.5727868686277222,0.5731327130655371,0.6303891262229016,0.6303931598797653,0.7672982887424169,0.7671896555420546,0.7445560101000945,0.7443392494495262,0.4881209280329404,0.4882998803816054,0.12687491675594528,0.12680107060777215,0.5230614394364211,0.5230331585796023,0.5169865529421556,0.5169099825025799,0.3382343882037357,0.33824326758977413,0.8448214524770891,0.8451174516385032,0.7521790142483499,0.4479226470624247,0.7522302753675275
29,0.7026323172593006,0.7025968152754042,0.23420843491199284,0.23422517247814087,0.4150063107134003,0.4149576158737526,0.45805792815608876,0.4582191348291175,0.4054829795067447,0.4055576080120769,0.44432433756735135,0.44424698357450854,0.4001571737864929,0.4002251115960131,0.07606180495505742,0.0759971051639911,0.6167305936584844,0.6166636044537934,0.8120850730057108,0.8121825802341012,0.5336794275036256,0.5337396848227016,0.8373838324484386,0.8374284436808455,0.6459607449856567,0.6458813387899375,0.24233330987101742,0.5317439653759765,0.24239146685026117
30,0.7491566803975598,0.7493832776706143,0.5855851899008587,0.5853903527337311,0.5802562617925311,0.5804047010942159,0.9379681899928083,0.9378995665567623,0.4897827565861008,0.48999235118075934,0.5632214076633951,0.5628854893424365,0.10468235270620453,0.10466202429536063,0.16023064681685764,0.1601275877137909,0.20256246846058962,0.20255182708506989,0.14843447409318053,0.1483133523551546,0.16495436904051106,0.16497648689525107,0.8683801176299265,0.8685727670506262,0.8891622492432903,0.8892625719544767,0.6775629499054631,0.5418485674560622,0.6774166544832614
31,0.7405936532970145,0.7404702378527699,0.09669371976140552,0.0966861530579957,0.17604091338432035,0.17601216570647268,0.646985500174194,0.647094416158462,0.5260921704510105,0.5262743346997034,0.6809953654682517,0.6809510794763893,0.46925980882950985,0.46918497994706904,0.44000265977227626,0.4398542118207788,0.37247824566131754,0.37239000250813625,0.6836109189045334,0.6834829290712098,0.3559321967524244,0.3558303743045265,0.5497196641030256,0.5497798012042728,0.6644161792374396,0.6642999122909788,0.7789723906139164,0.3720654259296193,0.7790997602418839
32,0.6852216467519731,0.6856351891036299,0.26648249435335103,0.2665233865515728,0.043182295401963514,0.04317169541806168,0.7032375628771532,0.7030615118701584,0.4781793151574723,0.4780704108036883,0.6948200473829557,0.6951879801824462,0.6118292426164679,0.6120036402828645,0.35683593496968213,0.3568019046109713,0.6364074633814812,0.6363775678599344,0.5940445287390823,0.5939878405638293,0.08415470612600918,0.08413549398360849,0.587359182293877,0.5872717804025284,0.6375450105198759,0.6374713033471412,0.4158996753265259,0.6682575323617702,0.41604275135012025
33,0.5712014506635048,0.5711463321788768,0.4376862328914749,0.43794364485121856,0.12814733063031117,0.1280546475265907,0.5958652848726865,0.5957273524910395,0.40125320193285835,0.40116596274596394,0.9087650406384884,0.9088665458608559,0.6764120206520616,0.6765656611152749,0.2251713757828898,0.22517481508499998,0.7194927064073955,0.719455332312639,0.7496897617546279,0.7498422681466186,0.7335325952630167,0.73342748849091,0.33074188635682233,0.3307276430517293,0.7151144444823861,0.7152903924257161,0.7121664465782134,0.7568327070643386,0.7120066794228136
34,0.4905324780745408,0.49083200209663025,0.6659988457794497,0.6660206524713989,0.31498406502596743,0.3150843080874802,0.6275805975062199,0.627630632106013,0.3183224618807096,0.31828607283945903,0.46769702265425755,0.467596572119727,0.140518175922864,0.1405338417613053,0.23547413987549778,0.23554647530733339,0.418196055386422,0.41813743120453306,0.7174339764460326,0.717540712749327,0.45384803221066744,0.4538350299585355,0.2740041405554886,0.2739319923574148,0.7010296420401703,0.7014355147291456,0.6608128292216475,0.4151646799833041,0.6606422778627776
35,0.3190480618984949,0.31926134048653426,0.6389537757160765,0.6389898485242191,0.6556688565427957,0.6557663267765353,0.4185898675785864,0.41880469521471325,0.2750913143827031,0.27500512731730486,0.44437004173780625,0.44419774235202103,0.3443131057032255,0.3443857754847606,0.44679766125827575,0.44688586770205374,0.3082836818476374,0.3083423488732856,0.6375010473687426,0.6374814240093171,0.6528574558043503,0.6527709246457291,0.6642839971610828,0.6642583306826436,0.8150148014684376,0.8150348992864817,0.5571603786650204,0.2927752858711812,0.557275978827741
36,0.8474952503806027,0.8476041309909015,0.5043062800217388,0.5040796936339716,0.43922221182579846,0.43921157807632166,0.2484997064764976,0.2485181857110841,0.627697164773845,0.6274741519028144,0.8755965702079135,0.875539923297777,0.293813760213383,0.2937725959435822,0.3097291324210415,0.309602347081436,0.698450785410304,0.6983031442643874,0.511621140514757,0.5117003558627518,0.6414045706962275,0.6414483969141213,0.554071176414712,0.5540294640300764,0.4734102921981462,0.4734686379077759,0.6983336776340047,0.5396068347778887,0.6983690258015435
37,0.7753502962058912,0.7752268509157535,0.7398313548588621,0.739734408523038,0.4601267512153573,0.45994847793871685,0.7787168562863238,0.7785129451468444,0.19089780708187595,0.1909880194021861,0.6816868337142103,0.6819507509034917,0.2732243856332438,0.27321068049311004,0.46488110601220184,0.46467261659052234,0.514802092915957,0.5141184971810137,0.6426198778649689,0.6426541441499899,0.49699740592544916,0.49720142585729077,0.1013482989011603,0.10133559666481853,0.8527018716166708,0.8526213837759756,0.23072801097072174,0.3635578530470829,0.23088467071952526
38,0.7534683024307738,0.7534554018896255,0.9215611757410492,0.9215078879484679,0.1521467385775974,0.15216815811179524,0.7514934548085489,0.7516218803291491,0.5104711473155423,0.5106832338715006,0.8216372464874485,0.8216347220164214,0.7648474332208495,0.7647822722460201,0.26686527920314396,0.26687467380998153,0.7288985994712971,0.7291104352638799,0.24506980087417496,0.2450868332637048,0.6620087061761061,0.6620235765279443,0.2350050400160728,0.23496009901318451,0.6558359628949855,0.6559011038538778,0.5527293109785986,0.48127017735203576,0.5528707138480369
39,0.6081211505743401,0.6081494835612578,0.7192666616899934,0.719209179432582,0.3471724835308605,0.3470897687281489,0.071148139676607,0.07115034145336215,0.29859748061453323,0.2986360410618603,0.35226800832057825,0.35217478004927794,0.7172677931046696,0.7172532417358348,0.5434700399368296,0.5438443227046811,0.2018009429870733,0.20190495427265942,0.20310923905227066,0.20298443459876642,0.40481305438531273,0.404918449804059,0.3802069694300671,0.38041693182225444,0.49897975781982673,0.4992482139973451,0.2489788198944154,0.3970648274642066,0.24901097786739945
40,0.4375642885018992,0.4376376526513227,0.1782019889833979,0.17825477120102104,0.15447413449352,0.1544701914359811,0.8483507409654367,0.8483586545970409,0.47988410423445005,0.47991680718304236,0.6240209843623158,0.6242462964461718,0.3360048307330495,0.33606082127719666,0.6291867076614783,0.6291481253049436,0.478634318874014,0.4787239687974592,0.1221260050834597,0.12205826663427496,0.3402945755436072,0.34038202201969037,0.3993208918071574,0.3994250634086948,0.5984424434321406,0.5986484007988802,0.41416421929697583,0.5907423396122374,0.4139967612374261
41,0.5046955067949902,0.5050019035483512,0.1703237785029184,0.1703946343996169,0.9387947225351739,0.9385759576235629,0.19084843533936524,0.19094159821047849,0.9309597191857356,0.9309853558799879,0.7672154621206254,0.7672793529258622,0.2963610871158123,0.2963232288619419,0.7066406897857923,0.7065390093444003,0.6313989680490447,0.6312736886294661,0.5439839867868529,0.5440012885577811,0.3476959950125608,0.3475414131364411,0.3204253471387039,0.32039804704979175,0.7282558707173049,0.7280558054913642,0.20387483170579548,0.5995416574499721,0.20374650953627615
42,0.09116994504968412,0.0912212445367902,0.7567315663042107,0.7566504231216854,0.46275995115622076,0.46268741072196257,0.3890581355530693,0.38917987842088686,0.3481583047724982,0.34819506120819815,0.6215908354383882,0.6214493807481548,0.6862661975011193,0.6862265519936434,0.21377466249770818,0.21382846852249554,0.37053994529286133,0.370729212647302,0.7153288261537931,0.7154396887290091,0.7080698678307754,0.7082219923829046,0.6682500099064255,0.6683646307143557,0.5953092537081054,0.5953769220209107,0.11974299657248787,0.6618078083541159,0.1197395494561629
43,0.3604386411608232,0.3604095263237859,0.04094931858360067,0.040956241569663106,0.27995827817292973,0.2799730432041159,0.582097493769435,0.5822987373265953,0.6986994912930903,0.6989923850700467,0.5419632399881006,0.541855935435967,0.42367211102273783,0.42365995952192,0.6125475156792215,0.6128514250150822,0.20003424483136834,0.20028942864494173,0.2968148994657365,0.2967345053506109,0.8230934414688468,0.8232525934856383,0.7705987935801794,0.7708025438275261,0.06602899228159748,0.06597948465231855,0.279283265037338,0.6981701390102966,0.27922420718063745
44,0.6728838292324133,0.6729085683901195,0.3097110990595738,0.3096513313688328,0.6289864209959626,0.6290463609250051,0.5436728261432866,0.5436347847744647,0.050248861802627325,0.05028097232277098,0.48773967894834397,0.4879550191227012,0.6369097330963908,0.6370080225747375,0.040127756408040435,0.04013142321910314,0.5792742227132687,0.5796090237653128,0.5487300206039059,0.549035251883502,0.8201593448634195,0.8198729280863224,0.6773961685153851,0.6771891104670299,0.3668618570449769,0.3670722605858044,0.0956880990122312,0.09235356234228674,0.09571010860114003
45,0.8926417461752169,0.8926750924395666,0.29811419148423374,0.2980106751700206,0.2529176930423702,0.25295817743929333,0.448494530867332,0.448414505527766,0.5542992621082505,0.5543467614579397,0.2689429924187529,0.2689247932684391,0.23325879140185948,0.23329710515368804,0.9328363068905968,0.9327556024107776,0.7484330176186252,0.7481541491793483,0.43570507633559186,0.43572413379840963,0.3836828395300628,0.38339516954117514,0.7537353850712153,0.7535115086918863,0.9293217298734182,0.9293420218012709,0.08032209642037562,0.9302403222886968,0.08028565716673292
46,0.21596260777338366,0.21593276505290623,0.5170946542168545,0.5170662795313635,0.17441278877897337,0.17445178889868498,0.7388604810214474,0.738920663294132,0.15692538878680976,0.15703205002113246,0.3727711884566412,0.3726055330320545,0.3634414167169526,0.3634801008126951,0.4050224115368531,0.4048773492848121,0.49781259274610973,0.49782468240437644,0.42114874681803377,0.42121233670100056,0.5206498991996453,0.5207044798221436,0.55619639562833,0.5561685490546713,0.5198056416407026,0.5196444583107773,0.7779074762737099,0.22764790652999894,0.7779001314727986
47,0.26978079054106907,0.2696508520916432,0.6523080219599705,0.6522087718566716,0.8553364680809762,0.8552548346162958,0.4053094424314221,0.4053123172215047,0.218984404031291,0.21883074967502453,0.6221164761531784,0.622017355141012,0.45936608268772916,0.45944363582680153,0.5949108054827085,0.5950910335471207,0.7702132063402796,0.7702659503805346,0.7780625869306065,0.7781464235029589,0.5492604859704214,0.5493288987833598,0.3656217356265275,0.3655272001617504,0.3995631265230725,0.3996347317265512,0.42542108555232405,0.3722390983291175,0.4252733109124226
48,0.3829375020863567,0.38276782814623816,0.38399385725572677,0.3838381624909897,0.7676655322828045,0.7676964079085081,0.8005961216496827,0.8003920083914645,0.47611379786527175,0.4761395529667718,0.6219560090087932,0.6222478170256452,0.22710308958673078,0.22709205021648907,0.4336414053097818,0.43360672883882023,0.1770550308965703,0.17717125440284204,0.3281596542023751,0.3280764511424922,0.3788913741507686,0.37889845163531344,0.46224524959762364,0.46242141269234655,0.7927229931678763,0.7930065465281334,0.2784253788221942,0.22199421708510186,0.27833957133547177
49,0.16287770461372694,0.16289644269550893,0.6548707482508589,0.6549540899279203,0.6829763272552372,0.6831341668429233,0.2373616552792051,0.2375427511689392,0.8458188850938655,0.845709322241637,0.05787848651588467,0.057913185901739314,0.4017958412600771,0.4017892132799153,0.25010427342942987,0.2501327779990416,0.7516738764587233,0.7517270973874072,0.6705445384956189,0.6705854188280708,0.3078094578967809,0.3077502462890678,0.40673374639634,0.40662273511542074,0.14152740722378418,0.14148020132290762,0.4926526052289996,0.2500778293669083,0.4924335459457071
50,0.6018995510729904,0.6021022397037051,0.38387307881510896,0.3838695534235198,0.4655588232788675,0.46552397254512073,0.3710064519818046,0.37089651403737234,0.8607485766635339,0.8607540984714601,0.057358937590349504,0.05735371350167937,0.4160190021539884,0.4158726475592763,0.4761564323080234,0.47635022203054594,0.8433408447284219,0.843249072417489,0.5210071566372325,0.521170018203378,0.40657042940774946,0.4062408550289015,0.30916785986389655,0.30905399053177585,0.490808139128028,0.4910446369051416,0.40425950199909794,0.5496321065326457,0.4042974318368361
51,0.36220846790076594,0.36229919743552047,0.6784092510575126,0.6783371895680692,0.37682100872660224,0.3766358591634429,0.8588829842596063,0.8587108580474024,0.19520952730591906,0.19519913341843959,0.4630463101482718,0.46290283907570196,0.7543807157269908,0.7543522718286767,0.3156530602154558,0.31582222486764444,0.266262350544425,0.26633867364259883,0.1353320500048923,0.13520150271819018,0.4675861159159155,0.46781893912254535,0.22274349354561682,0.2226560344393459,0.7351910068852483,0.7351624419889363,0.4173644639244752,0.5067774859099791,0.417367736139337
52,0.3268747014099932,0.326998329299364,0.5074236091339307,0.5072466662978318,0.5060007332680567,0.5060726544631107,0.44922341859176373,0.44937276716075164,0.8604418868104202,0.8604164014560858,0.5866924520887773,0.586905142986998,0.47060839790087117,0.47064357124614437,0.9173967529338082,0.9175021602227427,0.8295429255724736,0.8295873035736201,0.7200283239527052,0.720006867691893,0.6687276064094343,0.668796303822706,0.6455745482569394,0.6455613031493654,0.7231567721313513,0.723325040502873,0.48300476284867744,0.5398680850633056,0.4829535093510896
53,0.6511458180005556,0.65142398839072,0.7291356963798965,0.7293427757554409,0.19945694295509767,0.19946704359715087,0.47363877501679474,0.4737297252378297,0.28539428776891423,0.28543935683811467,0.6035500704604114,0.603687442159596,0.4818079954125494,0.4817769140779709,0.18252206092447978,0.18260196819345073,0.7857981147218124,0.7859687215541747,0.4023029377169378,0.40224161266825914,0.7737982138689536,0.773766701921235,0.7553334444000992,0.7553583576745352,0.29868969177101745,0.2986474175543238,0.22204716606812902,0.037477282113123775,0.22215767462864047
54,0.6309790687024621,0.6311942441143277,0.6411919532445488,0.6411225473502076,0.15635899703368986,0.1563695468925386,0.9420292371266209,0.9419171962222892,0.33809751974060853,0.3379278127463036,0.9279694690851638,0.9278200628922915,0.6170647971939697,0.6168614940696163,0.6283102141063113,0.6283174237116123,0.888285908867627,0.8883076514204035,0.6984184466832258,0.6983222534924587,0.37551418660495406,0.3756216712796952,0.4504144562389336,0.45043065699737844,0.3103888575252284,0.3105422199910568,0.6932006233099675,0.5433674437870167,0.6931145855966068
55,0.11142337038234447,0.11141762219798015,0.24912343045071256,0.24913443829348836,0.5584920389867167,0.5584384618253624,0.42544504688710877,0.42550542236358185,0.5386945996570486,0.5386094773329301,0.4571321046094921,0.4570994010462304,0.49844428682868214,0.49836291131683985,0.6716170894181904,0.6717442712491205,0.7784049654380567,0.7785085871468461,0.2920377032047609,0.29203118928882643,0.4426497498739521,0.44270115324421666,0.7948282734806897,0.7949083217961049,0.7359976686244336,0.735841553536201,0.30003049758400724,0.7510106550565284,0.29999438385327865
56,0.1344453523837501,0.1344623763500188,0.6955619653664966,0.695546468553633,0.19171980849124642,0.19168936818765042,0.3776965591622507,0.377962552472065,0.3238068101717776,0.32375521884201097,0.7139352996473067,0.7139991051889892,0.5866325670653348,0.5867260168908882,0.33570143817589726,0.33559524617636827,0.5063666532633025,0.5061566689435684,0.6931083058669787,0.6932837602378947,0.44667495015503467,0.4467346375303437,0.2873275611474258,0.28735985631101946,0.16256087103596345,0.1625774970290636,0.6563945228741734,0.1344903608635164,0.6562454871107889
57,0.33327504261671637,0.3329795071383858,0.7061776726493184,0.7062516965435003,0.5010207766348531,0.5010517547666097,0.6225378330379642,0.6222930712766448,0.6788958273726118,0.6789774234268391,0.5457968387009972,0.5457518625965386,0.8263910574880392,0.8263197892559857,0.25967656280568535,0.25967215220616535,0.7279420307182437,0.7277199811117789,0.44714694064622457,0.4472756380375756,0.10889100147566841,0.10886721966855264,0.11908361295953877,0.11899397747216119,0.34656861227195845,0.3469010839052328,0.8418703778952148,0.25975113029660246,0.8419208540683092
