,Simulated_αD,Recovered_αD,Simulated_αDE,Recovered_αDE,Simulated_αDEF,Recovered_αDEF,Simulated_αS,Recovered_αS,Simulated_αE,Recovered_αE,Simulated_αF,Recovered_αF,Simulated_αEF,Recovered_αEF,Simulated_αG,Recovered_αG,Simulated_αH,Recovered_αH,Simulated_αM,Recovered_αM,Simulated_αN,Recovered_αN,Simulated_αMN,Recovered_αMN,Simulated_αU,Recovered_αU,Simulated_αUMN,Recovered_αUM,Recovered_αUMN
0,0.5943518616736585,0.5945640073527552,0.5537819451631041,0.5539069689015917,0.9778092775559605,0.9777938588321009,0.8640132095863932,0.8636985807395609,0.5459708523255358,0.5463059554028955,0.6712189187548363,0.6712079509723019,0.44495213341858775,0.44497710488340114,0.4424499029249548,0.4422956996461259,0.28881227926257164,0.2888815984766165,0.45616474795557427,0.4558916508858451,0.5013650982946974,0.5010668465817573,0.2909213510362728,0.29070727291912474,0.4952307767972171,0.4952877118355178,0.824392681163147,0.6774892012094491,0.8242466510815905
1,0.25113540564284337,0.25129674674904096,0.38031588921393894,0.38032325378576126,0.9162049649549049,0.9162492189604705,0.35207792086162487,0.35191880390787755,0.7251728181766594,0.724947365112647,0.5560890810193567,0.5560876989394623,0.48202511846441537,0.4820257377051058,0.5221773302075176,0.5222906789985206,0.3534474510852281,0.35350560237970535,0.2994100115324137,0.29941857414497314,0.8702670648018394,0.8702407891666375,0.1931466804924088,0.19316010074922488,0.2529732173752337,0.2529873006167545,0.487899969992545,0.7270864152387895,0.48780438493529726
2,0.48841014067502936,0.48845635489343486,0.2474707299181731,0.24742008829493087,0.6615048652009405,0.6613858068305554,0.3335630468205091,0.33335050693221413,0.2705394751137166,0.27044627823372314,0.8908490089851543,0.8908822932006227,0.7171342288731695,0.7172155171083517,0.7766661381043051,0.7766873113308976,0.8142740119426493,0.8142661921573376,0.2186787566295169,0.21861729132795296,0.6136461314699244,0.6135937193858191,0.40526533519453783,0.40524050843589354,0.4873508451060508,0.4875329082515174,0.507458327458148,0.509021032328252,0.5075205994266413
3,0.6184037788554073,0.6184933410377709,0.03255252598226353,0.03254755200674962,0.33195344393838877,0.3320082515733205,0.609870377662412,0.6098447422060049,0.31562118129135014,0.3158025071797393,0.23382339652646864,0.2337770867679046,0.5661170263007407,0.5661650667125171,0.4896357094886052,0.4893897357825024,0.9646893979498339,0.9647410414819392,0.6586886652407044,0.658673359014831,0.285597864458414,0.2855127593944452,0.3256808569365575,0.3255780348044178,0.8040182014528582,0.8041178699200946,0.6956687079584399,0.5285914910869987,0.6956559686468617
4,0.4023310697987203,0.402111433011202,0.6088891235543876,0.6088094607959476,0.1766269680697446,0.17664826532595632,0.3230391664380276,0.3226886779129745,0.3086394708663601,0.3085532346149951,0.5097808645748074,0.5096420804804972,0.5285505998445059,0.5285340602641572,0.2237026336554561,0.22367471335414954,0.23811042558084966,0.23810079702040848,0.6619296336648459,0.6618953573951842,0.5130991978244044,0.51283392991285,0.2868240456942241,0.286710279712206,0.5174028044434129,0.5173630109379921,0.2186025003326,0.5168030274797386,0.2186358898397555
5,0.9627030348572745,0.9627243069854775,0.5268381072240147,0.5269280230076893,0.09267400882859797,0.09264901790730927,0.0772660677407388,0.07729669180646309,0.2947164494705406,0.2947047114829144,0.2930863220399923,0.2931647568424288,0.3453454370519963,0.34547851230537374,0.7274890628390883,0.7276741902936422,0.1532527359824809,0.15319508638375273,0.4404703205044253,0.4403344907889394,0.6116464717202743,0.6115342277029185,0.6146920833586333,0.6145846582103532,0.8527979680972144,0.8526700836380644,0.9012298622971002,0.7208800063117686,0.9012148620743661
6,0.3787842840163967,0.37879869147516104,0.8167698022421265,0.8166744884375806,0.445919979228823,0.44583398265679364,0.16766114748364527,0.1676615036827,0.41003935074011216,0.41017909294259275,0.6542149940788187,0.6541221721814513,0.669133546378038,0.6689857427609398,0.7594472856132742,0.7595690655909448,0.5643418697728451,0.5649791329412294,0.7795907475905695,0.7793091408346007,0.3239862225684454,0.3240158204276709,0.778362989646857,0.7784287898149994,0.4690139783428361,0.4689052484742695,0.48976763791672584,0.1627638434296388,0.48959716950367504
7,0.21000262360558175,0.21019403388072672,0.19128120072073357,0.19128231443746288,0.40792874950435604,0.40814034397387694,0.8518654381034335,0.8517371971657387,0.7452344519865742,0.7453947144705254,0.17682049610467776,0.1768984962545894,0.8050057274528756,0.8050579113884627,0.5358323252981572,0.5356991771113901,0.8714530334421948,0.8714545305420975,0.14955060096367787,0.14943443525424116,0.3624059483047967,0.36227517792120445,0.10934853019994786,0.1093628110326482,0.8089040656325874,0.809082758927643,0.7748128448740242,0.4394723869556091,0.7748305305178901
8,0.12192338348425914,0.12194232733613711,0.3147644635203818,0.31466329214041894,0.2621263644608709,0.26208590358551276,0.7171225137583868,0.7175148712077433,0.531487544708143,0.5310309134574502,0.4363716480846619,0.4362185327821995,0.6740306918412565,0.6740221265289154,0.2030951781319525,0.20314548110194894,0.5548431435543728,0.5551839496401278,0.6183698813108547,0.618140768115554,0.5001481482067467,0.5001795689371372,0.6139144122788915,0.6138785381833313,0.06941806272216222,0.06940398042689827,0.8960863257102013,0.3984411508348753,0.8962127050752313
9,0.3005513431515502,0.300551173634177,0.8834448438366108,0.8835071024872478,0.5179973125148236,0.5179171054038656,0.7275282960257414,0.7274521962012973,0.6220384208452724,0.6220046141285772,0.6748094905591028,0.6746541658377975,0.860017151194057,0.8597658287446466,0.7111297889197583,0.711156004150982,0.45897438008074115,0.4587514462662685,0.390794418661465,0.39090235835245757,0.6380082901424612,0.6381187836007691,0.5387121277504456,0.5386796877521378,0.7029136844864229,0.7028409470411089,0.8153733060538415,0.8901465300933246,0.8153802390619066
10,0.3252747628373507,0.325102581532056,0.6597012144677489,0.6596449624703344,0.29710094446916885,0.297219363895683,0.5593989246247842,0.5594178451287809,0.5596388645625823,0.5596621134494033,0.32655627737734355,0.3264022336114177,0.24671791250003797,0.24663738243361685,0.6525934562701144,0.6524603807784571,0.12723884962810605,0.12726589162032015,0.6403540696976633,0.6405100914742924,0.5061199417250873,0.5061706390036341,0.46215395495273437,0.4621724993372027,0.8836681217623832,0.8834826426447933,0.37280750492728065,0.5983510822739004,0.37264426430076386
11,0.3446177307465005,0.3446953418296299,0.2647576714942104,0.26471905739296364,0.20193080298011357,0.20191576382693607,0.32839944426974216,0.32841463360196077,0.5776205398411861,0.577141371403733,0.26361029060774355,0.26367921420374113,0.6664040296156746,0.6664689992287675,0.5374398120159141,0.5376673543291252,0.5781568524980839,0.5783643339669794,0.5831783933187286,0.5831083954544068,0.32282198147149443,0.32289224175119846,0.2592959872202171,0.2593662563466607,0.23692602733441367,0.23688129539410402,0.35694028482507073,0.8649742277257413,0.35700974465866675
12,0.2500576853313905,0.25015023396080616,0.14190278901939898,0.14186453432264798,0.40132477431097974,0.40120474786771865,0.2793935942812894,0.27925601939789313,0.5696360202156558,0.5691936079091792,0.17569412820275335,0.1756987496477763,0.46150114370765527,0.46144112573767426,0.20348679377147308,0.20354399849664348,0.3386375548006691,0.3388205510713109,0.43715907476979116,0.43717727102084347,0.1988791794493972,0.1988634056391031,0.3136074270190961,0.31354171043746853,0.09576240738435118,0.09581316791931992,0.31661524987701267,0.6614428992229332,0.3166958464110855
13,0.1986382650593038,0.19871616662172448,0.2925306728833051,0.29251621780669784,0.17404860800479988,0.17396513110856082,0.7202696644641255,0.7203917581985011,0.7245297319863857,0.7247572581593538,0.44517174021233413,0.44501820631172645,0.5182702126653238,0.518190480798652,0.20297835770815112,0.20290472273430904,0.5981970819695397,0.5984025834771615,0.4942338661656922,0.49424675383948563,0.420696459176081,0.42069116140312846,0.6072424742725878,0.6073068565420351,0.5928770300908821,0.5927946586017218,0.836440449056518,0.7219074847692011,0.8366795485487704
14,0.484604787221769,0.4843456210158991,0.35305076006418556,0.3531746263609703,0.29883367722864185,0.29875749583081823,0.5851648607098651,0.584846345495887,0.8757851632423709,0.875890376731901,0.6501144021385273,0.6503933557123307,0.4165838602899695,0.4167137465343993,0.3095548667679948,0.3095163655478204,0.5436265181315149,0.5438498497354449,0.7364908697474204,0.7364765742857594,0.5212980456498669,0.5212598125107791,0.5526626825491525,0.5524676337720719,0.7989873723061623,0.7987999204124808,0.20695747431584197,0.7522651507416038,0.20692026149616405
15,0.3878778024834964,0.3878351142650303,0.7820737437016675,0.7820767442666474,0.5287616388841565,0.5286679586076244,0.4768853930209526,0.4769600077138411,0.2881908156314677,0.2882965348610488,0.5581553633757287,0.5582294054690228,0.8029710816983902,0.8030451492675197,0.42634316838673714,0.42624355042204415,0.4616436024961336,0.46173159964427835,0.9216914144316793,0.921540390380965,0.37176561514437256,0.37181454691537935,0.4015464500689037,0.40164874612831464,0.39400034795377586,0.3938490623376243,0.10237377960032339,0.04478650091340923,0.10238328742067737
16,0.3919760644486504,0.39182126939290657,0.6287200178274842,0.6285628391869322,0.7013054969098956,0.7013246109953747,0.6321380282523124,0.6318393261710241,0.1891267923397629,0.18915475814767446,0.22521803558694758,0.22508320052642994,0.6703442640725276,0.6703255470842618,0.08370480470324454,0.08375959791342023,0.6742433942180481,0.6747375848866382,0.38729363704317143,0.3871528470270434,0.5406379213779662,0.5406508601003283,0.3811438336742503,0.3813926487244562,0.2749204250659305,0.2750037444693476,0.8522668195447242,0.8232891112090205,0.8523700908591074
17,0.5269685892771625,0.5268073209042053,0.041266458361664274,0.04127104153800384,0.5683303544068176,0.5682773801464349,0.6121153065456503,0.6121934699073805,0.4014515088241555,0.4015397522220551,0.570983106209145,0.570966408665897,0.2430701881482477,0.24313032660034864,0.6750804189575677,0.6751793068000416,0.23749193281114236,0.23743827217642802,0.6668947024125272,0.6665973246881215,0.7912767751337242,0.7913256983427273,0.1923752902275475,0.19240057528918894,0.5688607137814523,0.5687208340973676,0.5625510091506956,0.21109117483442935,0.5625154851994034
18,0.41715070413935,0.4170944039388395,0.4520899069250771,0.452141014112618,0.19519615648467878,0.19517841009417058,0.6506156283671604,0.6504245787878485,0.19223905284560114,0.19221191613073504,0.11400794281442139,0.11401086274370581,0.5017645393748165,0.5017079413268639,0.7910201314222081,0.7911690484290611,0.07901724481150267,0.0790489756806854,0.6545540077132991,0.6544179231062043,0.4578430569723074,0.4578684390938922,0.5797509330147315,0.5798591534765417,0.31570792737535563,0.31585251818307525,0.37709716820430944,0.40655583275458484,0.37707903630643985
19,0.3781009882066735,0.37785299803971184,0.7524353006254548,0.7525023803436078,0.6232718914370841,0.6228486910091823,0.4991894986639143,0.49900859986479,0.8573568224733423,0.8575437548399024,0.2890059551610829,0.2889387240836414,0.6993497199251909,0.6993462608884053,0.5111710712755145,0.511321358640737,0.6213106617778351,0.6218484297908151,0.41013182112167706,0.4101645016896364,0.39241025207054636,0.39235915924337866,0.11645302893987729,0.11636519173739474,0.5494487774649636,0.5494988184686402,0.6139539730473109,0.6669698374744297,0.6139538151363427
20,0.7178286110352252,0.7178636120177794,0.6810221075451054,0.6809099726277306,0.6423910524038654,0.6427186613563998,0.3598210094922316,0.3596836758745084,0.6310926475809124,0.6312412002455846,0.6521367664189954,0.6520633832012012,0.2524200676447255,0.25237509421118653,0.11603645329062724,0.11603266785517534,0.8072855928436913,0.807547746367346,0.6011774746145425,0.6013714525267513,0.5280964469572915,0.5280466316210989,0.5595774937263602,0.5596814237151262,0.21949605169958236,0.21953656808960195,0.4423209904057117,0.7270945605608216,0.4423509228984227
21,0.7098061778497511,0.7101854001185306,0.19684401081471664,0.19681016957073205,0.17844314867649058,0.17843485302789353,0.6277057428911891,0.6275488203464915,0.37924329601072143,0.3791508833601273,0.6738440741932493,0.6736700818250304,0.4853194012484539,0.48512446253092006,0.347214638696444,0.34694655607186636,0.5992812129511458,0.5989118708484718,0.8407622372996778,0.8405816106366875,0.8868387545986228,0.8867062137287913,0.5802067388929788,0.5799250963266936,0.7565890392098229,0.7571361561711192,0.518042525843001,0.7499294737499396,0.5178726453939805
22,0.22311183701122608,0.22304316770365876,0.5947367391879478,0.594830589714108,0.44357481385175146,0.4437041838969201,0.3439489154827047,0.343946812264698,0.22584234044117749,0.22596773016264782,0.5831869150248684,0.5832650213200969,0.30615906291076184,0.30627688701090006,0.6041017259329242,0.6042934726898386,0.8340510642821566,0.8341577056245342,0.338436330071554,0.33842449447472983,0.6826719624554233,0.6834795305025183,0.015802456486032963,0.01608818240041456,0.7951720299343163,0.7954016723468151,0.3930534998943439,0.45535837091313874,0.5015264842065513
23,0.48242855877239604,0.48276640325354275,0.43913985199052274,0.43921536965202934,0.207416677888133,0.20733514431192998,0.7368203677841916,0.736499050988314,0.18734830593562424,0.18741302989166736,0.6577769515251884,0.6578934673411411,0.744453163696483,0.7445510254446631,0.4535851850365919,0.4536621326619429,0.7908662794060463,0.7907776144771907,0.6679461150106727,0.6680848621993947,0.8693080789295033,0.8689428472302968,0.10495509044842516,0.10492027746687506,0.2622104661008787,0.2623200312136205,0.23757578983848635,0.5266655665382337,0.23756556771848722
24,0.8732674504901977,0.8732857168213671,0.28366791804495267,0.2837059889780467,0.06383614999169847,0.06384008184788086,0.7363851172802102,0.7360211967936733,0.8874688467827234,0.8873297399286805,0.6523666598864656,0.6522316073296913,0.6953931077133392,0.6953790909461827,0.2036643360241372,0.20365812044972567,0.606790001208228,0.606668277530708,0.5425622718156089,0.5426929424953232,0.7917908034439121,0.7919920250639967,0.5939995941248646,0.5939485095675225,0.6545770403494892,0.6544790857987659,0.5983918155127684,0.18408245158756512,0.5981187708285094
25,0.47214936080623293,0.4722925486541376,0.31821332720478085,0.3182518313058722,0.06701419962895437,0.06704566123049947,0.5251116833099121,0.5251189557569855,0.2039374095916956,0.2039612595580338,0.7345342828599299,0.734602823416934,0.5200403530728136,0.5202273079107215,0.4931782900346713,0.49297394452448895,0.589842624865824,0.5896239009219257,0.4780116426404034,0.47831800165154476,0.7433458259787644,0.7436134470644143,0.4755411758917798,0.47579801842023595,0.932917356083602,0.9327827859748223,0.6647497422283533,0.23115391605782576,0.6649377546480937
26,0.7669387508381585,0.7670282906318275,0.14455953340734706,0.14465944100808956,0.7766689872029524,0.7766080031938739,0.65428153706216,0.6542282405023302,0.6918898449151063,0.6918590680345619,0.49796616954437883,0.49770854173388535,0.8213081555163877,0.8212297465296352,0.5928957196635091,0.5931961253699897,0.5244946655723643,0.5246843756789812,0.9332978005767001,0.9333875197898254,0.3100841336586971,0.31011747917036275,0.8386424918953824,0.8386474436107133,0.6471809170440036,0.6470011255602495,0.25302522341352474,0.4199089323162594,0.2529480124593743
27,0.372608469631251,0.372503846802972,0.1846399594122993,0.18466473744725714,0.7204103275475977,0.7200938747766744,0.8837710195833604,0.8836472358430135,0.8189219835212165,0.8187955522870024,0.7605244862051049,0.7607145941134463,0.24732799677717424,0.2473285853253775,0.7530440107164823,0.7531081404454283,0.3627363380762828,0.36286936949143767,0.19146615784351692,0.1914097407138668,0.7630349507325107,0.7631390517477811,0.9248090874874357,0.9248858150254653,0.2618548459318017,0.26180836834196314,0.45076219124306804,0.721989351165923,0.4509076967528617
28,0.9192999266676171,0.9193591028527581,0.7907134015252109,0.7906397580036143,0.6840077017009591,0.6840721476420678,0.2940872405235055,0.294180442154798,0.4302292407972182,0.4303441360598027,0.4325821584482198,0.43259240112326575,0.551392846622911,0.5513736899896441,0.4504354092749398,0.45035141316265925,0.91453344279175,0.914275937179494,0.1385298597649272,0.13855994809463437,0.7814764348762575,0.7814396912233446,0.9055685317831779,0.9056142014044454,0.3353887723757613,0.3353885507043807,0.8783076665631598,0.4302811399609176,0.8783854003215024
29,0.2836191171487721,0.2837877375448651,0.6031871850428218,0.6031002574517674,0.10482509656099576,0.10487133659232999,0.3342490594547001,0.33396581633902783,0.4039942942806495,0.40383363982019305,0.6420872908980967,0.6423316399506495,0.24308148413726297,0.24322923701942162,0.7791537610423436,0.7790952875696879,0.3853501595319464,0.38544108308431146,0.5091881394199491,0.5091362401901502,0.7905925015956484,0.7905338354842472,0.09104242547721264,0.09108759106118085,0.37124164391534864,0.3712737023891007,0.6957419591138514,0.15176587912521994,0.6958818056707176
30,0.6141731836071344,0.6141544374612823,0.8306000857393793,0.8306117238819865,0.3183413263037368,0.3183648879850555,0.5212134756405188,0.5213321780555982,0.5140323876083398,0.5138222978420028,0.3368352330264723,0.33678762573266136,0.7741313604602891,0.7740074120789063,0.7226693835543586,0.7224908403473836,0.5116074459891842,0.5117684473900757,0.25392056158958326,0.2538404322485501,0.041728454595722435,0.04174902317395855,0.12365737121139103,0.12355520674564696,0.40884925951308326,0.4089062847523515,0.3226424345698117,0.443744890742908,0.32264199605749205
31,0.07854502346968553,0.07861510569032443,0.42194842400417654,0.42192961156590697,0.8071392970708606,0.8071871199039566,0.7998149874103274,0.7997103316390445,0.1901320220368815,0.19015670936590057,0.8284929723478718,0.8283441234092229,0.6243478057421276,0.624362564003639,0.43923303925112167,0.4394324608965238,0.6192743000667359,0.6194651036396813,0.449399796609146,0.4494271729750092,0.11805065953836176,0.11809446941029306,0.22079117594456713,0.220824924955794,0.20062270402973867,0.20069232036389759,0.371463852192956,0.33985182531730634,0.3713328246995555
32,0.25059126449724217,0.25058577853444686,0.8252956172509348,0.8253137405035693,0.3809564615539471,0.3807724356358126,0.8146029851808284,0.814618455392505,0.6646166371032016,0.6649493934809929,0.15619933056782803,0.15619359938297306,0.36064436273395045,0.36066259370491444,0.16677202606142366,0.16679390104065867,0.42803160836733084,0.4279794482782819,0.3545901516844486,0.3544897985674059,0.27726672563610494,0.2772571490210266,0.698787322932238,0.6987713974870298,0.8423216547573218,0.8422657879761497,0.11816719297266276,0.7067541255324672,0.11815499939015366
33,0.5792290101598276,0.5789960355865023,0.7785572899538947,0.7786602555642748,0.5016525086457228,0.501786552437623,0.5350903953525262,0.535133084957644,0.25678072722833,0.25674903523520565,0.3492108229215281,0.349121380892308,0.4569089007603784,0.45676801574498743,0.4849219655371213,0.4848294320703781,0.5335026738566603,0.5334963920453961,0.40565677394245897,0.4055169086913359,0.5029912955817964,0.5029870288842951,0.3255586559293525,0.3256447576920433,0.3326801686780735,0.33274113103036407,0.6394347847112252,0.6605756045323338,0.6392793316871324
34,0.8310346309896857,0.8311425307204455,0.7147847424358753,0.7148787721009631,0.30184806452742774,0.3019642109464287,0.6236947871969857,0.6241059852373496,0.11736382416355123,0.1173635642888077,0.7628434793531554,0.7628805413030776,0.6905389887138017,0.6906967792937915,0.28983336518171876,0.28989606448328414,0.29053855209128376,0.290679993186384,0.6263924037328775,0.6262746277766328,0.5875004100155121,0.5875104700373192,0.30481628146627504,0.3047953674273971,0.43878382019261253,0.43893872644989285,0.8799367956666019,0.23812880990073135,0.8798924757562806
35,0.41747446767774676,0.4173019583914682,0.7518016317094507,0.7518799515097495,0.1523390610962973,0.15236660033549707,0.641645206974992,0.6416362073315194,0.6713671287445699,0.6715372597148682,0.5300716194901689,0.5300285990185403,0.5426078893260666,0.5426286161415363,0.09117358981455935,0.09129481573774068,0.47858974214493727,0.479282865080137,0.3112537431154367,0.31131468713970406,0.5817831706634595,0.5817581049814247,0.7696921304364474,0.7696850700393012,0.14945980914347473,0.14944316187480275,0.6976767609563095,0.46352467217361887,0.6979329928667678
36,0.4350228703502598,0.4349894798424698,0.27703443685614754,0.2770234659628731,0.20407401740064895,0.20404580228422342,0.9413224685039954,0.9411275126923909,0.5883242422354898,0.5882174718789634,0.16709994079821708,0.16705720149139244,0.8996331605868907,0.8996564425083136,0.32297462656455617,0.3227652111733563,0.30614257637496173,0.3059253707395666,0.4005589468611469,0.4005444142157713,0.15399672737191653,0.15394805193532776,0.10004272128758901,0.10002489939838938,0.7131429503439097,0.7130864568102111,0.4534434208063509,0.26813922339737334,0.4535572217647998
37,0.39559828574894307,0.39549444603766365,0.20142042209497396,0.20136570736333834,0.29948954975084097,0.2993335917019593,0.37919960557316623,0.37913235000078216,0.46022115967330457,0.46004164529827635,0.15414279375929832,0.15408227734596622,0.466742470537283,0.46665377866934993,0.3941127899030508,0.3941603632569953,0.635070538109568,0.6353776763409833,0.3482140866781389,0.3482285505012807,0.35042955802530523,0.3502978062551068,0.8825733587521805,0.8823966582557261,0.8363985185959925,0.836339202012344,0.6682018760898059,0.5669069277250665,0.6682768106307795
38,0.3847723552313594,0.3846530698226174,0.2621273623527751,0.2620909808668293,0.873709118723299,0.8736521045839925,0.7153723589517194,0.7151206561281556,0.4912284672297704,0.49130716164366556,0.7574282217253218,0.7572328709432583,0.828572433596676,0.8284527262566983,0.40840837842522915,0.40815105758111747,0.42798844466727565,0.4276926325855857,0.4465743472146244,0.44624883574009966,0.22244260750971137,0.2224619873678106,0.34214441664640693,0.3422054672530443,0.6284688407818801,0.6282708308090713,0.41702105931807953,0.5571093042417047,0.4170124392383575
39,0.15779168147388786,0.1578538005255643,0.7695631891948709,0.7693877198086186,0.760745463566629,0.7608985327238971,0.8686821233376736,0.8685742220932087,0.9611651257013021,0.9612710497379316,0.6461236045768227,0.6461959343401724,0.5757449105042685,0.5758326037586149,0.08380845172579862,0.08385646047581512,0.7113757919934489,0.7114840945572448,0.7685177064600928,0.7687081473411231,0.5613537077800855,0.5613700004034559,0.7017416277158779,0.701882852925424,0.38555367833235743,0.3855758357559333,0.5466103804415067,0.1778821987504974,0.5466087715454551
40,0.2933150573244948,0.29341451833716037,0.804202893259095,0.8042434066118456,0.1969947033341415,0.19701667139323314,0.5400867415689152,0.5398363887407411,0.18332043869816503,0.1833254348240476,0.37187554725853966,0.3718922907626562,0.700286036769617,0.7002424854982678,0.6434834924027382,0.643675119226509,0.5426402016527367,0.542889662942456,0.15318399411003436,0.1532288124866582,0.8533294527534471,0.8534299809717653,0.7807596087404778,0.7806944874261048,0.4789960791073274,0.47906242181808206,0.2278781401906128,0.23173030520366053,0.2279120454311115
41,0.4571528381751076,0.45740135529899667,0.4683391245605814,0.4680503318123773,0.032831101170457906,0.03283450979497761,0.5732576572886808,0.5731291956326239,0.7925759744721355,0.7925394259949877,0.5430928492899904,0.5429987272037784,0.7428129413168548,0.7427637830480771,0.4598397125452844,0.46007097416273834,0.3012605466950618,0.301428317563954,0.3845231928104353,0.3844754790582309,0.24286420963782512,0.24287898379905912,0.3973317396094006,0.3973508536491147,0.3182465034615242,0.31804795436716365,0.5221397696234241,0.5470288514308397,0.521992554421326
42,0.798552548562097,0.7981023484266062,0.3191804272595575,0.31916538271322703,0.5346307183340507,0.5347727573295232,0.8772463114232774,0.8772338830143553,0.36206654462041354,0.36194473337721655,0.3612859570702334,0.36146301688602755,0.4760614287592888,0.4763018620824567,0.7979611388578405,0.7979859206775317,0.09082734111308154,0.09086489834156056,0.867303121101169,0.8672505736460309,0.350245881776462,0.3502007448296608,0.3130009705708313,0.3129689149931973,0.7938716326785585,0.7937992103567809,0.5450693003544087,0.8848589726405727,0.5450812012204744
43,0.7525101287365968,0.7525590798239645,0.612909949957427,0.6126779172775051,0.6503488942992084,0.6504966412313288,0.3090462717373659,0.3090175045293345,0.19599022515988748,0.1960597522274529,0.9045033774786859,0.9044763423882433,0.3211831775927093,0.32119846337622193,0.06267400554008917,0.06265069877257835,0.6616928205265393,0.6623515338592223,0.4885902910835635,0.48851660216410936,0.603310598956769,0.6034049539681422,0.766012173079167,0.7660601108568599,0.3400149807223917,0.3402395452912861,0.39646859826075825,0.29255848106048377,0.39645508453226247
44,0.6255694154662812,0.6256756399655988,0.7210371491519134,0.7211453672585676,0.41046942140425874,0.4105168344752778,0.09948531247376016,0.0993667629166039,0.8097686333268069,0.8099537664642769,0.44586083607939286,0.44587481519401145,0.39244211195302053,0.3924825833903497,0.5062643593701195,0.506318902285623,0.39313564278679347,0.3934929541277254,0.2804232014623965,0.28036064872672306,0.35583089137464946,0.3559800032339744,0.4486560102931312,0.4488157029704121,0.5102078915463779,0.5103438671142997,0.2630044041784297,0.5118227252982608,0.262993933374505
45,0.36282352159182424,0.36280740408534257,0.1870302169356935,0.18708196318576525,0.6420176852485334,0.6420259267719959,0.4284914785862858,0.4284427131664134,0.881346349804751,0.8813878875438129,0.8221988426450828,0.8223337152134955,0.2438332896893308,0.24377490847589658,0.6052812891312078,0.6049322431654396,0.6320798844883283,0.6317607987319992,0.22354038328020023,0.22368368325709861,0.9510378635465883,0.9509418288663535,0.40376124295689503,0.4036795655689851,0.7276025319382861,0.7275431042767933,0.28815970848251776,0.249326824450938,0.28815235947683066
46,0.33960737053274687,0.33968850969340336,0.6871840712319013,0.6871660868483256,0.3297600818647514,0.32983241756550363,0.4080482592352428,0.40855374853165793,0.3326838789145361,0.3328622502365517,0.12000084294451621,0.12009069949236943,0.6568635148749294,0.6570583480272719,0.7537967803652309,0.7535980694805533,0.35863990065941503,0.3585157621026576,0.19136804227649007,0.1913511242058157,0.7482988424623848,0.7482543509868448,0.92784501900439,0.9278729006323801,0.5453083576970955,0.5450838037326398,0.5995725883666012,0.14007900172052595,0.5995283499298131
47,0.549580510413581,0.5497441229680601,0.4900677097236763,0.49011125421448715,0.13132057152210447,0.1312173881474472,0.6258456440515557,0.625642881415133,0.7970125676014862,0.7969596921012865,0.5218873375668955,0.521631524469001,0.6800844630519641,0.6800463883443317,0.7733532532797862,0.7732928242018965,0.6546353759650255,0.6546120925788114,0.7750498631904311,0.7748558719485893,0.3571036903296502,0.35690281754920994,0.4488652087872214,0.4486290453588988,0.4062510691295324,0.4059961167301949,0.8783097605728769,0.34905567225280953,0.8783503894570387
48,0.9096982729297951,0.9096604884527814,0.08923401779409898,0.08919132104897559,0.2602044082001285,0.2601607703865165,0.1883537693946836,0.18829946700780423,0.13826726307620044,0.13834117599251475,0.6029794461590783,0.6029683453759391,0.738421498647441,0.7384219869387925,0.47099197198881443,0.4711023471661724,0.23750964081469808,0.23767570143638972,0.5859092228517145,0.5861744494634655,0.15407189473704622,0.1540355480306143,0.10474510405534455,0.10469092434387986,0.6603799074928144,0.6606847429669385,0.7997499423787187,0.46593787198239006,0.7998114936904186
49,0.11362561131655376,0.11364707900659882,0.4540511081794455,0.4541736952387321,0.6379230079769829,0.6383300246486366,0.4277365143121464,0.42750608397646506,0.7417651034191048,0.7415469325755342,0.34512244376544154,0.34534832680534133,0.41519520991375264,0.4153066275459575,0.2401126979499558,0.2401496829273031,0.7501223693527226,0.7503267934487252,0.3530210734706268,0.35291774140580956,0.09897368949867465,0.0990018370332695,0.17134547149452606,0.17135474276456983,0.7978124297569269,0.7978862686430191,0.900770383389775,0.01976189732833962,0.9007164628636454
50,0.46391545204636647,0.4640486291832151,0.39947103981625137,0.39940915638960794,0.28087142319978226,0.2809109167155421,0.6878294876833245,0.6879626105569241,0.3842922763658907,0.38432525267563306,0.5060349610527471,0.5060508209734577,0.40833681543832856,0.4081831156859052,0.40575379532104455,0.40566954226973595,0.4882559514109689,0.4880483812291364,0.26383258316276575,0.2639236002987081,0.677572314583469,0.6776453600025064,0.9211402471700345,0.9210507942561192,0.2792611950487393,0.27927071537288783,0.6915616566678493,0.2279801114001654,0.6916147380763101
51,0.7452770154637429,0.7454042688893253,0.5915760751642574,0.5915178243739261,0.764194000114323,0.764191219605149,0.42535371146240397,0.42533208914427173,0.7547359207156996,0.7546116273617642,0.6655881300473725,0.6654027358500815,0.293532369299881,0.29340070363295856,0.6746179907818812,0.6745026774676903,0.5108863753816977,0.5109124028855123,0.5358307410486189,0.5358059129604197,0.07057120108588341,0.07057063142393774,0.66394466861124,0.6639785602663532,0.627459114831687,0.627740082882479,0.19531621432018761,0.34445589316925446,0.1952584412681777
52,0.44208098750056873,0.4419626683915458,0.5283621999255574,0.5283297149991806,0.8982127267857871,0.8983454156859914,0.526524344103838,0.5266800370752444,0.5527521837189385,0.5526088670847129,0.5006456565176238,0.5007681267788866,0.6024629033274463,0.6025296227948199,0.805184258200633,0.8053020957342778,0.1309996301659051,0.13099150694031136,0.535573609360543,0.5354067840230546,0.8777986223889641,0.8777396093011862,0.33864944789104806,0.3386413538211997,0.4240155665211995,0.42426889852476835,0.4522130458212562,0.2900337548086062,0.4526235279697069
53,0.5088947887889536,0.5088930255347529,0.20780418322532332,0.20778566980548116,0.44132022607638316,0.44142240032537083,0.5733582376397458,0.5733535075789753,0.2825079534430453,0.2823872541458834,0.3419872458400115,0.34205715683016974,0.7494105182797536,0.7494600689174954,0.33701224014593545,0.3369723228747506,0.523098184323625,0.5230199796650234,0.5188057698649085,0.5188844241463637,0.5749716964069462,0.5750660976829193,0.6815167750945904,0.6818001137228545,0.9375435441756237,0.937524803271105,0.69032485376665,0.3744239212061229,0.6902619566625733
54,0.5606095674731656,0.5604214926306156,0.15208289260630722,0.15212165483750018,0.7115506255570394,0.711923735376401,0.5614661580903063,0.5612027726817653,0.6852583681735014,0.6854510405050886,0.3314403017307423,0.33150233615165137,0.19308392783164757,0.19310090669886715,0.3600617857955121,0.35992162813833994,0.5241246752678445,0.5235930940110087,0.14460881400699743,0.14452980569716292,0.739377339738365,0.7393673575177323,0.83899133544287,0.8389576386153316,0.11737964756983445,0.11745243992270336,0.8536615882219538,0.5889474287226079,0.8535453022161338
55,0.5940040485446227,0.5938920290861056,0.751503951129066,0.7514546085566398,0.5523496093768666,0.5523508579453354,0.46979770523297854,0.47002694600223566,0.6081989514138976,0.6082036913174882,0.7148124264694359,0.7148295537318468,0.6634501093548599,0.6634571232455004,0.6498979519451875,0.649792923168663,0.7508352214158411,0.750935823302999,0.5018128860161887,0.501709817209173,0.47364115005295626,0.47377543689177054,0.3821404515076289,0.3822081305126006,0.48834970494773533,0.48837838094401,0.4648957616128611,0.6147663956840348,0.46513637388948786
56,0.7575099414243842,0.7571967922393447,0.44314648358750386,0.44309820813022477,0.6129272409832444,0.6129961150512566,0.15903941895674445,0.15899005649345926,0.35721671466388943,0.35712155119596245,0.1662679121864302,0.1662293137400726,0.5745742792159404,0.5745416663324889,0.362267526877729,0.3620819588955311,0.9045274685915942,0.904368406868423,0.48509197529753967,0.48520283596555835,0.3781944402455282,0.37836292867373433,0.19246591443541416,0.19252270523068568,0.43890881422405587,0.4387984801808319,0.8897764526497457,0.5701906988479737,0.8897223532057034
57,0.7531009980191425,0.7531107738279392,0.8468171623580678,0.8466732770377944,0.8729621390017309,0.8729740484621782,0.8134966298967347,0.8133786791532471,0.34938277116175365,0.34937075338920703,0.3487674619711696,0.3488510865108381,0.5213152395384464,0.5214242507538396,0.5061464814752062,0.5062062199925407,0.5266568317868945,0.5265563568572711,0.8883436106020411,0.8885721642382032,0.7787034436405127,0.778651515865491,0.44602293036810253,0.4460030458471157,0.9163798044455628,0.916196011128585,0.12445493958404173,0.51230681544689,0.12446039754792529
58,0.6121984450635827,0.6124496341170964,0.4949330975046252,0.4950421641070969,0.4195679874807223,0.4195591296657234,0.4924696498100584,0.49276029270180455,0.5914583696734698,0.591557174707234,0.6807850804172794,0.6805488726082681,0.34712785272683555,0.3470063590898669,0.49417116300010694,0.49432305250901637,0.9418862795315399,0.9418913035657657,0.320855615921659,0.3208202180446985,0.4279116390437395,0.42808515619081733,0.2922124838062163,0.2922815298928124,0.6609495062193934,0.660911713717085,0.5647611249154669,0.8119706179576166,0.5648585065484074
59,0.4848430890849502,0.4846740531342839,0.557830295829577,0.5579499315006919,0.6004447349246809,0.6006441681924485,0.6417995605668577,0.6418335049704706,0.3974882225171708,0.3977072514493941,0.9062520601750764,0.906279427818386,0.5912446982354613,0.5913502282148063,0.7426317713753667,0.7424585749484229,0.5633785379114759,0.5637998304533873,0.47753742412960853,0.4775574850683562,0.6240625991192508,0.6238704533061553,0.5229527229267592,0.5228002090241725,0.2677923395164869,0.26792098611242754,0.23567688373889795,0.3731527341302701,0.23555206759731492
60,0.3795393786343237,0.37935186672922144,0.5582757242344144,0.5583169757891826,0.35718929386003406,0.35716023505311384,0.39131153269379554,0.3909429643252612,0.29624629715323336,0.29622292916364007,0.1284667055564493,0.12844517256334345,0.5395081672075959,0.5394943052730345,0.5527212854507608,0.5524647675729805,0.6458624243334032,0.6454623896847749,0.14055506393817527,0.14055811976172158,0.3496031548112904,0.34956094349073435,0.25846102099092993,0.2584217733584932,0.27485124595888094,0.2748464504666443,0.1301111176136164,0.6061422442962329,0.13015507263278728
61,0.683119201918839,0.6827730810095777,0.40744388647687907,0.4073128526635478,0.6416145653048945,0.6416120932109567,0.33136539774349955,0.33143601670794,0.3749668280428435,0.37500787797830387,0.30122703927522954,0.3012939187095039,0.4396762250692386,0.4397937637485317,0.14181750720834152,0.14183673699221028,0.4192247163043257,0.41922724628548946,0.7700887291342904,0.7701317877855489,0.40485679648752526,0.40497245384714337,0.8478275199521114,0.8479924326286599,0.3636059189234771,0.36383150028212646,0.18684206327857383,0.6756568764357473,0.18685125258041493
62,0.65424411189386,0.6545172158553321,0.5550092936504365,0.5551646018260771,0.9311716205211577,0.9313643718410511,0.8420265738605615,0.8418955308609298,0.17576360765385096,0.17575456253628827,0.22554019011483628,0.2255053446994705,0.4896584810711774,0.4895547478295509,0.5519566621762094,0.5518801482678733,0.7794674605503439,0.7794963257798636,0.5145451819809663,0.5143103776147135,0.38467992798191397,0.38471604518390856,0.7531758588957455,0.7531661062012229,0.8308514477286459,0.8306592328495092,0.3696315934789041,0.4103551911141992,0.36975984774366255
63,0.25159842934583654,0.25168487260233885,0.6650070675192205,0.6650698575296573,0.5220277241355605,0.5222615946108886,0.32703065652409224,0.32705199717550754,0.3129747738160369,0.31306446654338216,0.4691451738337684,0.46910630627583605,0.27896995935429375,0.27896171064872516,0.4824210556014348,0.48252832210594726,0.8992182760992384,0.8992753184433542,0.8653167789674554,0.8653530396816603,0.8320249631898968,0.8321528270631051,0.33784003331600215,0.3378169264101463,0.6543980649181235,0.6543890021475527,0.5480785878274171,0.5919798497085071,0.548002980232926
64,0.6687270980140136,0.6686857447880509,0.5662357743492983,0.5658822339364399,0.4820593281640576,0.48210999934351445,0.24373627084761498,0.24368037256099737,0.20098512861407286,0.20093074444037634,0.6916210094456647,0.6916123569938278,0.5712276238189097,0.5712240650027589,0.5406527776452275,0.540502680261004,0.12386093672413895,0.12382231769420593,0.6073573198745476,0.6073832022627208,0.5663095454876479,0.5663497992778392,0.22866962159282156,0.22863430790762268,0.7963816671434336,0.7961884031028867,0.4005033532877128,0.5442007927250637,0.40055974624921453
65,0.6898190988101497,0.6900898100248899,0.8096489849003315,0.8097413255883019,0.25995233875507956,0.2599142928653536,0.2642459038117293,0.26437285337999256,0.6053914309368582,0.6055827268781371,0.7683851162472165,0.7683371552978436,0.4592059853712679,0.45903640763658393,0.8244980113136677,0.8244564093097672,0.1615608521962943,0.16164172105161673,0.7743416064216141,0.7743146223268298,0.40054314407712566,0.4005080409124227,0.47474618910940586,0.47473350836429185,0.2697068458416633,0.269762229703193,0.864253046148148,0.8477633989365896,0.8642433579473607
66,0.4347981749334316,0.4350858140476394,0.3849342308228424,0.385073168019419,0.6903697655419272,0.690387315684313,0.11606572303369528,0.11608553213856276,0.06920187328174204,0.06918060382911059,0.6432898109345396,0.6434383640133152,0.6164247111787979,0.6163597005029452,0.5775374836015363,0.5776110254201299,0.4258323054849279,0.42604303739228006,0.3434934549588906,0.3438344832866511,0.13117887613730383,0.13118415681534412,0.33471943959897665,0.3347505719501817,0.40893290781059766,0.40890147361240314,0.4807467288530654,0.04431125670546508,0.4805422555405275
