ID,Stimulus,trialseq,DV,R,s,T,u,R_abs,T_abs,US,Test
101,Rs,1,3.016460968,1,1,0,0,0,0,1,1
101,Rs,2,4.90534992,1,1,0,0,0,0,1,1
101,s,3,3.288065844,0,1,0,0,1,0,1,1
101,s,4,4.934156379,0,1,0,0,1,0,0,1
101,Rs,5,2.530864135,1,1,0,0,0,0,1,1
101,Rs,6,4.349794364,1,1,0,0,0,0,1,1
101,s,7,2.543209939,0,1,0,0,1,0,0,1
101,s,8,1.563786102,0,1,0,0,1,0,0,1
101,Rs,9,2.658436402,1,1,0,0,0,0,1,1
101,Rs,10,4.411522759,1,1,0,0,0,0,1,1
101,s,11,4.135802406,0,1,0,0,1,0,0,1
101,s,12,1.094650237,0,1,0,0,1,0,0,1
101,Rs,13,4.403292432,1,1,0,0,0,0,1,1
101,s,14,2.46913574,0,1,0,0,1,0,0,1
101,Rs,15,4.518518895,1,1,0,0,0,0,0,1
101,s,16,1.279835422,0,1,0,0,1,0,0,1
101,Rs,17,3.316872616,1,1,0,0,0,0,1,1
101,s,18,1.098765401,0,1,0,0,1,0,0,1
101,s,19,1.29629639,0,1,0,0,1,0,1,1
101,Rs,20,2.683127698,1,1,0,0,0,0,0,1
101,s,21,1.115226369,0,1,0,0,1,0,0,1
101,Rs,22,3.341563912,1,1,0,0,0,0,0,1
101,Rs,23,1.609053529,1,1,0,0,0,0,1,1
101,s,24,1.065843621,0,1,0,0,1,0,1,1
101,u,25,2.646090598,0,0,0,1,0,0,0,1
101,u,26,2.086419879,0,0,0,1,0,0,0,1
101,Tu,27,1.843621462,0,0,1,1,0,0,1,1
101,Tu,28,3.456790061,0,0,1,1,0,0,1,1
101,u,29,1.827160494,0,0,0,1,0,1,1,1
101,Tu,30,3.716049446,0,0,1,1,0,0,1,1
101,u,31,3.794238809,0,0,0,1,0,1,0,1
101,Tu,32,2.596708007,0,0,1,1,0,0,1,1
101,Tu,33,3.695473314,0,0,1,1,0,0,0,1
101,u,34,2.62962963,0,0,0,1,0,1,0,1
101,u,35,3.35802488,0,0,0,1,0,1,1,1
101,Tu,36,2.382716049,0,0,1,1,0,0,1,1
101,u,37,3.49382716,0,0,0,1,0,1,1,1
101,Tu,38,2.646090598,0,0,1,1,0,0,0,1
101,Tu,39,2.127572142,0,0,1,1,0,0,1,1
101,u,40,4.106995948,0,0,0,1,0,1,0,1
101,u,41,4.037037225,0,0,0,1,0,1,0,1
101,Tu,42,3.316872616,0,0,1,1,0,0,1,1
101,Tu,43,3.411522634,0,0,1,1,0,0,1,1
101,u,44,2.543209939,0,0,0,1,0,1,0,1
101,Tu,45,2.185185374,0,0,1,1,0,0,1,1
101,Tu,46,2.707818993,0,0,1,1,0,0,0,1
101,u,47,3.316872616,0,0,0,1,0,1,0,1
101,u,48,2.514403481,0,0,0,1,0,1,0,1
101,Rs,49,4.135802406,1,1,0,0,0,0,1,1
101,Rs,50,3.325102943,1,1,0,0,0,0,0,1
101,s,51,2.576131876,0,1,0,0,1,0,0,1
101,u,52,3.279835517,0,0,0,1,0,1,0,1
101,s,53,2.497942512,0,1,0,0,1,0,0,1
101,Tu,54,2.637860271,0,0,1,1,0,0,1,1
101,u,55,2.683127698,0,0,0,1,0,1,1,1
101,Tu,56,1.938271793,0,0,1,1,0,0,1,1
101,s,57,2.407407345,0,1,0,0,1,0,0,1
101,u,58,3.469135865,0,0,0,1,0,1,0,1
101,Tu,59,3.625514592,0,0,1,1,0,0,0,1
101,s,60,1.485596739,0,1,0,0,1,0,1,1
101,u,61,2.242798291,0,0,0,1,0,1,0,1
101,Rs,62,2.728395125,1,1,0,0,0,0,1,1
101,Tu,63,2.637860271,0,0,1,1,0,0,1,1
101,Rs,64,2.251028932,1,1,0,0,0,0,1,1
101,Tu,65,3.411522634,0,0,1,1,0,0,0,0
101,Rs,66,3.423868438,1,1,0,0,0,0,0,0
101,Ru,67,2.983539032,1,0,0,1,0,0,0,0
101,T,68,3.016460968,0,0,1,0,0,0,0,0
101,u,69,2.604938334,0,0,0,1,0,1,0,0
101,s,70,3.440329406,0,1,0,0,1,0,0,0
101,R,71,2.983539032,1,0,0,0,0,0,0,0
101,Ts,72,3.440329406,0,1,1,0,0,0,0,0
101,s,73,2.551440266,0,1,0,0,1,0,0,0
101,Ru,74,3.020576132,1,0,0,1,0,0,0,0
101,Ts,75,3.386831339,0,1,1,0,0,0,0,0
101,T,76,2.650205761,0,0,1,0,0,0,0,0
101,R,77,3.016460968,1,0,0,0,0,0,0,0
101,Rs,78,3.971193353,1,1,0,0,0,0,0,0
101,u,79,2.432098954,0,0,0,1,0,1,0,0
101,Tu,80,3.181070022,0,0,1,1,0,0,0,0
102,s,1,3.020576132,0,1,0,0,0,0,0,1
102,Rs,2,1.028806584,1,1,0,0,0,0,1,1
102,s,3,2.962962963,0,1,0,0,1,0,1,1
102,Rs,4,3.979423868,1,1,0,0,0,0,1,1
102,Rs,5,4.633744856,1,1,0,0,0,0,1,1
102,s,6,4.633744856,0,1,0,0,1,0,0,1
102,Rs,7,4.695473251,1,1,0,0,0,0,0,1
102,s,8,4.041152263,0,1,0,0,1,0,0,1
102,s,9,3.761316872,0,1,0,0,1,0,0,1
102,Rs,10,3.325102881,1,1,0,0,0,0,1,1
102,s,11,3.790123457,0,1,0,0,1,0,1,1
102,Rs,12,3.358024691,1,1,0,0,0,0,0,1
102,Rs,13,3.588477366,1,1,0,0,0,0,0,1
102,s,14,3.551440329,0,1,0,0,1,0,0,1
102,Rs,15,3.526748971,1,1,0,0,0,0,1,1
102,s,16,3.744855967,0,1,0,0,1,0,1,1
102,s,17,3.855967078,0,1,0,0,1,0,0,1
102,s,18,3.613168724,0,1,0,0,1,0,0,1
102,Rs,19,2.518518519,1,1,0,0,0,0,1,1
102,Rs,20,2.185185185,1,1,0,0,0,0,1,1
102,Rs,21,1.958847737,1,1,0,0,0,0,1,1
102,Rs,22,1.588477366,1,1,0,0,0,0,1,1
102,s,23,1.209876543,0,1,0,0,1,0,0,1
102,s,24,1.604938272,0,1,0,0,1,0,0,1
102,Tu,25,2.131687243,0,0,1,1,0,0,0,1
102,Tu,26,2.465020576,0,0,1,1,0,0,1,1
102,u,27,2.934156379,0,0,0,1,0,1,0,1
102,u,28,2.041152263,0,0,0,1,0,1,1,1
102,Tu,29,4.16872428,0,0,1,1,0,0,0,1
102,u,30,3.732510288,0,0,0,1,0,1,0,1
102,u,31,2.275720165,0,0,0,1,0,1,0,1
102,Tu,32,3.736625514,0,0,1,1,0,0,1,1
102,Tu,33,1.773662551,0,0,1,1,0,0,1,1
102,u,34,1.654320988,0,0,0,1,0,1,0,1
102,Tu,35,4,0,0,1,1,0,0,1,1
102,u,36,1.761316872,0,0,0,1,0,1,0,1
102,u,37,1.880658436,0,0,0,1,0,1,1,1
102,u,38,1.600823045,0,0,0,1,0,1,0,1
102,Tu,39,4.024691358,0,0,1,1,0,0,1,1
102,Tu,40,4.255144033,0,0,1,1,0,0,0,1
102,u,41,3.83127572,0,0,0,1,0,1,0,1
102,Tu,42,4.444444444,0,0,1,1,0,0,1,1
102,Tu,43,3.794238683,0,0,1,1,0,0,1,1
102,u,44,1.724279835,0,0,0,1,0,1,0,1
102,Tu,45,3.679012346,0,0,1,1,0,0,1,1
102,u,46,1.563786008,0,0,0,1,0,1,0,1
102,Tu,47,4.061728395,0,0,1,1,0,0,1,1
102,u,48,1.275720165,0,0,0,1,0,1,1,1
102,Tu,49,4.04526749,0,0,1,1,0,0,1,1
102,s,50,3.057613169,0,1,0,0,1,0,0,1
102,Tu,51,4.296296296,0,0,1,1,0,0,1,1
102,u,52,1.765432099,0,0,0,1,0,1,1,1
102,Rs,53,2.172839506,1,1,0,0,0,0,0,1
102,u,54,1.609053498,0,0,0,1,0,1,0,1
102,Rs,55,2.205761317,1,1,0,0,0,0,1,1
102,s,56,1.502057613,0,1,0,0,1,0,0,1
102,Tu,57,4.362139918,0,0,1,1,0,0,1,1
102,Rs,58,1.860082305,1,1,0,0,0,0,1,1
102,s,59,1.650205761,0,1,0,0,1,0,0,1
102,u,60,1.489711934,0,0,0,1,0,1,0,1
102,Rs,61,1.913580247,1,1,0,0,0,0,1,1
102,s,62,1.70781893,0,1,0,0,1,0,1,1
102,Tu,63,4.094650206,0,0,1,1,0,0,0,1
102,u,64,1.909465021,0,0,0,1,0,1,0,1
102,Tu,65,4.164609053,0,0,1,1,0,0,0,0
102,Ts,66,2.95473251,0,1,1,0,0,0,0,0
102,Ru,67,3.032921811,1,0,0,1,0,0,0,0
102,R,68,2.983539095,1,0,0,0,0,0,0,0
102,T,69,2.983539095,0,0,1,0,0,0,0,0
102,Rs,70,3.547325103,1,1,0,0,0,0,0,0
102,s,71,1.633744856,0,1,0,0,1,0,0,0
102,u,72,1.403292181,0,0,0,1,0,1,0,0
102,u,73,1.609053498,0,0,0,1,0,1,0,0
102,Rs,74,3.296296296,1,1,0,0,0,0,0,0
102,Tu,75,4.222222222,0,0,1,1,0,0,0,0
102,R,76,2.58436214,1,0,0,0,0,0,0,0
102,s,77,2.304526749,0,1,0,0,1,0,0,0
102,Ru,78,2.983539095,1,0,0,1,0,0,0,0
102,Ts,79,2.930041152,0,1,1,0,0,0,0,0
102,T,80,2.975308642,0,0,1,0,0,0,0,0
103,u,1,1.205761317,0,0,0,1,0,0,0,1
103,u,2,1.032921811,0,0,0,1,0,0,1,1
103,Tu,3,2.983539095,0,0,1,1,0,0,0,1
103,Tu,4,2.983539095,0,0,1,1,0,0,1,1
103,u,5,1.004115226,0,0,0,1,0,1,1,1
103,u,6,3.037037037,0,0,0,1,0,1,0,1
103,Tu,7,1.008230453,0,0,1,1,0,0,1,1
103,Tu,8,3.082304527,0,0,1,1,0,0,1,1
103,Tu,9,3.082304527,0,0,1,1,0,0,1,1
103,u,10,1.016460905,0,0,0,1,0,1,0,1
103,u,11,1.016460905,0,0,0,1,0,1,0,1
103,Tu,12,3.860082305,0,0,1,1,0,0,1,1
103,Tu,13,3.090534979,0,0,1,1,0,0,1,1
103,Tu,14,3.967078189,0,0,1,1,0,0,1,1
103,u,15,1,0,0,0,1,0,1,0,1
103,u,16,1.016460905,0,0,0,1,0,1,0,1
103,u,17,1.024691358,0,0,0,1,0,1,0,1
103,Tu,18,3.893004115,0,0,1,1,0,0,0,1
103,Tu,19,3.004115226,0,0,1,1,0,0,1,1
103,u,20,1.04526749,0,0,0,1,0,1,1,1
103,Tu,21,3.880658436,0,0,1,1,0,0,0,1
103,u,22,1.069958848,0,0,0,1,0,1,0,1
103,u,23,1.069958848,0,0,0,1,0,1,0,1
103,Tu,24,3.102880658,0,0,1,1,0,0,1,1
103,s,25,3.016460905,0,1,0,0,0,0,0,1
103,s,26,3.020576132,0,1,0,0,0,0,0,1
103,Rs,27,3.020576132,1,1,0,0,0,0,1,1
103,Rs,28,3.860082305,1,1,0,0,0,0,1,1
103,Rs,29,3.806584362,1,1,0,0,0,0,1,1
103,Rs,30,4.12345679,1,1,0,0,0,0,0,1
103,s,31,1.588477366,0,1,0,0,1,0,0,1
103,s,32,1.432098765,0,1,0,0,1,0,1,1
103,s,33,3.028806584,0,1,0,0,1,0,0,1
103,Rs,34,3.300411523,1,1,0,0,0,0,1,1
103,Rs,35,3.679012346,1,1,0,0,0,0,1,1
103,s,36,3.987654321,0,1,0,0,1,0,1,1
103,s,37,3.987654321,0,1,0,0,1,0,0,1
103,s,38,1.843621399,0,1,0,0,1,0,0,1
103,Rs,39,3,1,1,0,0,0,0,1,1
103,Rs,40,4.04526749,1,1,0,0,0,0,0,1
103,Rs,41,2.897119342,1,1,0,0,0,0,1,1
103,s,42,3,0,1,0,0,1,0,0,1
103,Rs,43,3.0781893,1,1,0,0,0,0,1,1
103,s,44,3.884773663,0,1,0,0,1,0,0,1
103,s,45,1.621399177,0,1,0,0,1,0,1,1
103,s,46,3.683127572,0,1,0,0,1,0,0,1
103,Rs,47,2.868312757,1,1,0,0,0,0,1,1
103,Rs,48,3.823045267,1,1,0,0,0,0,0,1
103,Rs,49,2.333333333,1,1,0,0,0,0,0,1
103,u,50,1.049382716,0,0,0,1,0,1,1,1
103,Tu,51,3.827160494,0,0,1,1,0,0,1,1
103,u,52,4.004115226,0,0,0,1,0,1,0,1
103,s,53,1.024691358,0,1,0,0,1,0,0,1
103,Rs,54,2.913580247,1,1,0,0,0,0,1,1
103,s,55,3.794238683,0,1,0,0,1,0,0,1
103,Tu,56,2.119341564,0,0,1,1,0,0,1,1
103,u,57,3.777777778,0,0,0,1,0,1,0,1
103,u,58,1.29218107,0,0,0,1,0,1,0,1
103,Rs,59,2.209876543,1,1,0,0,0,0,1,1
103,Tu,60,3.884773663,0,0,1,1,0,0,1,1
103,Tu,61,3.082304527,0,0,1,1,0,0,0,1
103,s,62,2.119341564,0,1,0,0,1,0,1,1
103,Rs,63,4.41563786,1,1,0,0,0,0,1,1
103,s,64,4.061728395,0,1,0,0,1,0,0,1
103,u,65,1.144032922,0,0,0,1,0,1,0,0
103,s,66,1.152263374,0,1,0,0,1,0,0,0
103,T,67,3.020576132,0,0,1,0,0,0,0,0
103,R,68,3.004115226,1,0,0,0,0,0,0,0
103,Tu,69,4.024691358,0,0,1,1,0,0,0,0
103,Rs,70,4.024691358,1,1,0,0,0,0,0,0
103,Ru,71,4.028806584,1,0,0,1,0,0,0,0
103,Ts,72,4.028806584,0,1,1,0,0,0,0,0
103,Ts,73,4.028806584,0,1,1,0,0,0,0,0
103,u,74,1.296296296,0,0,0,1,0,1,0,0
103,Rs,75,3.835390947,1,1,0,0,0,0,0,0
103,R,76,1.70781893,1,0,0,0,0,0,0,0
103,Ru,77,3.979423868,1,0,0,1,0,0,0,0
103,s,78,1.50617284,0,1,0,0,1,0,0,0
103,T,79,1.938271605,0,0,1,0,0,0,0,0
103,Tu,80,3.905349794,0,0,1,1,0,0,0,0
104,s,1,2.944973545,0,1,0,0,0,0,0,1
104,Rs,2,2.940740741,1,1,0,0,0,0,1,1
104,s,3,1.082539683,0,1,0,0,1,0,0,1
104,Rs,4,4.887830688,1,1,0,0,0,0,1,1
104,s,5,1.112169312,0,1,0,0,1,0,0,1
104,Rs,6,4.947089947,1,1,0,0,0,0,1,1
104,s,7,1.06984127,0,1,0,0,1,0,1,1
104,Rs,8,4.883597884,1,1,0,0,0,0,0,1
104,s,9,1.078306878,0,1,0,0,1,0,0,1
104,Rs,10,4.633862434,1,1,0,0,0,0,1,1
104,Rs,11,4.574603175,1,1,0,0,0,0,0,1
104,s,12,1.103703704,0,1,0,0,1,0,0,1
104,s,13,1.383068783,0,1,0,0,1,0,1,1
104,Rs,14,4.468783069,1,1,0,0,0,0,1,1
104,Rs,15,4.917460317,1,1,0,0,0,0,0,1
104,s,16,1.052910053,0,1,0,0,1,0,0,1
104,s,17,1.107936508,0,1,0,0,1,0,0,1
104,Rs,18,4.362962963,1,1,0,0,0,0,1,1
104,s,19,1.04021164,0,1,0,0,1,0,0,1
104,Rs,20,4.51957672,1,1,0,0,0,0,1,1
104,Rs,21,4.413756614,1,1,0,0,0,0,1,1
104,s,22,1.26031746,0,1,0,0,1,0,0,1
104,Rs,23,4.48994709,1,1,0,0,0,0,1,1
104,s,24,1.903703704,0,1,0,0,1,0,1,1
104,u,25,2.33968254,0,0,0,1,0,0,1,1
104,Tu,26,3.66031746,0,0,1,1,0,0,1,1
104,Tu,27,3.808465608,0,0,1,1,0,0,1,1
104,u,28,2.144973545,0,0,0,1,0,1,0,1
104,Tu,29,4.439153439,0,0,1,1,0,0,0,1
104,u,30,1.653968254,0,0,0,1,0,1,1,1
104,Tu,31,4.185185185,0,0,1,1,0,0,1,1
104,u,32,1.484656085,0,0,0,1,0,1,0,1
104,u,33,1.882539683,0,0,0,1,0,1,0,1
104,Tu,34,4.807407407,0,0,1,1,0,0,1,1
104,Tu,35,4.676190476,0,0,1,1,0,0,1,1
104,u,36,1.226455026,0,0,0,1,0,1,0,1
104,Tu,37,4.413756614,0,0,1,1,0,0,1,1
104,u,38,1.052910053,0,0,0,1,0,1,0,1
104,u,39,1.802116402,0,0,0,1,0,1,1,1
104,Tu,40,4.142857143,0,0,1,1,0,0,0,1
104,u,41,1.476190476,0,0,0,1,0,1,0,1
104,Tu,42,4.663492063,0,0,1,1,0,0,1,1
104,Tu,43,4.900529101,0,0,1,1,0,0,0,1
104,u,44,1.768253968,0,0,0,1,0,1,0,1
104,Tu,45,4.367195767,0,0,1,1,0,0,1,1
104,Tu,46,4.384126984,0,0,1,1,0,0,1,1
104,u,47,2.301587302,0,0,0,1,0,1,0,1
104,u,48,1.146031746,0,0,0,1,0,1,0,1
104,s,49,1.091005291,0,1,0,0,1,0,0,1
104,Rs,50,4.828571429,1,1,0,0,0,0,0,1
104,Tu,51,4.223280423,0,0,1,1,0,0,1,1
104,Rs,52,4.426455026,1,1,0,0,0,0,1,1
104,s,53,1.755555556,0,1,0,0,1,0,0,1
104,Tu,54,4.202116402,0,0,1,1,0,0,1,1
104,u,55,2.267724868,0,0,0,1,0,1,1,1
104,u,56,2.22962963,0,0,0,1,0,1,0,1
104,Tu,57,4.125925926,0,0,1,1,0,0,0,1
104,u,58,2.415873016,0,0,0,1,0,1,0,1
104,u,59,2.75026455,0,0,0,1,0,1,0,1
104,s,60,1.361904762,0,1,0,0,1,0,0,1
104,Tu,61,3.982010582,0,0,1,1,0,0,1,1
104,s,62,1.569312169,0,1,0,0,1,0,1,1
104,Rs,63,4.515343915,1,1,0,0,0,0,1,1
104,Rs,64,4.113227513,1,1,0,0,0,0,1,1
104,u,65,1.53968254,0,0,0,1,0,1,0,0
104,Ts,66,2.991534392,0,1,1,0,0,0,0,0
104,Ru,67,2.479365079,1,0,0,1,0,0,0,0
104,T,68,3.423280423,0,0,1,0,0,0,0,0
104,Tu,69,3.842328042,0,0,1,1,0,0,0,0
104,s,70,1.171428571,0,1,0,0,1,0,0,0
104,R,71,3.351322751,1,0,0,0,0,0,0,0
104,Rs,72,4.041269841,1,1,0,0,0,0,0,0
104,T,73,3.499470899,0,0,1,0,0,0,0,0
104,Rs,74,4.388359788,1,1,0,0,0,0,0,0
104,Ru,75,2.432804233,1,0,0,1,0,0,0,0
104,Tu,76,4.26984127,0,0,1,1,0,0,0,0
104,R,77,3.380952381,1,0,0,0,0,0,0,0
104,s,78,1.700529101,0,1,0,0,1,0,0,0
104,Ts,79,3.372486772,0,1,1,0,0,0,0,0
104,u,80,1.06984127,0,0,0,1,0,1,0,0
105,s,1,2.024691484,0,1,0,0,0,0,0,1
105,Rs,2,1.979424057,1,1,0,0,0,0,1,1
105,Rs,3,4.901234442,1,1,0,0,0,0,0,1
105,s,4,2.971193541,0,1,0,0,1,0,1,1
105,Rs,5,4.592592467,1,1,0,0,0,0,1,1
105,s,6,1.53909465,0,1,0,0,1,0,0,1
105,s,7,2.954732573,0,1,0,0,1,0,0,1
105,Rs,8,4.547325354,1,1,0,0,0,0,1,1
105,Rs,9,4.827160871,1,1,0,0,0,0,1,1
105,s,10,1.559670782,0,1,0,0,1,0,0,1
105,s,11,3.876543335,0,1,0,0,1,0,1,1
105,Rs,12,4.534979549,1,1,0,0,0,0,1,1
105,s,13,4.090534979,0,1,0,0,1,0,0,1
105,Rs,14,4.604938272,1,1,0,0,0,0,1,1
105,s,15,2.979423868,0,1,0,0,1,0,0,1
105,Rs,16,4.691358276,1,1,0,0,0,0,1,1
105,s,17,1.444444476,0,1,0,0,1,0,1,1
105,Rs,18,4.930041529,1,1,0,0,0,0,1,1
105,s,19,1.395061728,0,1,0,0,1,0,0,1
105,Rs,20,4.559671159,1,1,0,0,0,0,0,1
105,Rs,21,4.765432476,1,1,0,0,0,0,0,1
105,s,22,4.234567901,0,1,0,0,1,0,0,1
105,Rs,23,2.995884836,1,1,0,0,0,0,1,1
105,s,24,3.008230641,0,1,0,0,1,0,0,1
105,Tu,25,4.09876562,0,0,1,1,0,0,0,1
105,Tu,26,4.559671159,0,0,1,1,0,0,1,1
105,u,27,2.975308705,0,0,0,1,0,1,0,1
105,u,28,1.395061728,0,0,0,1,0,1,1,1
105,Tu,29,4.551440204,0,0,1,1,0,0,1,1
105,u,30,1.477366255,0,0,0,1,0,1,0,1
105,u,31,4.345678887,0,0,0,1,0,1,1,1
105,Tu,32,2.995884836,0,0,1,1,0,0,1,1
105,Tu,33,4.493827286,0,0,1,1,0,0,1,1
105,Tu,34,4.514403418,0,0,1,1,0,0,1,1
105,u,35,2.934156441,0,0,0,1,0,1,0,1
105,u,36,1.374485597,0,0,0,1,0,1,0,1
105,u,37,4.625514403,0,0,0,1,0,1,0,1
105,Tu,38,4.70370408,0,0,1,1,0,0,1,1
105,u,39,3.024691295,0,0,0,1,0,1,0,1
105,Tu,40,4.691358276,0,0,1,1,0,0,0,1
105,u,41,3.020576132,0,0,0,1,0,1,0,1
105,u,42,1.32921817,0,0,0,1,0,1,0,1
105,Tu,43,4.650206012,0,0,1,1,0,0,1,1
105,Tu,44,4.621399554,0,0,1,1,0,0,1,1
105,u,45,4.493827286,0,0,0,1,0,1,1,1
105,Tu,46,4.650206012,0,0,1,1,0,0,1,1
105,Tu,47,4.604938272,0,0,1,1,0,0,0,1
105,u,48,4.666666667,0,0,0,1,0,1,0,1
105,u,49,2.925926114,0,0,0,1,0,1,1,1
105,Rs,50,4.58436214,1,1,0,0,0,0,0,1
105,Tu,51,4.63374473,0,0,1,1,0,0,1,1
105,s,52,1.423868344,0,1,0,0,1,0,0,1
105,Rs,53,4.70370408,1,1,0,0,0,0,1,1
105,u,54,2.983539032,0,0,0,1,0,1,0,1
105,s,55,4.674896994,0,1,0,0,1,0,0,1
105,Tu,56,4.711934408,0,0,1,1,0,0,1,1
105,Rs,57,3.004115164,1,1,0,0,0,0,1,1
105,u,58,3.004115164,0,0,0,1,0,1,0,1
105,u,59,4.600823422,0,0,0,1,0,1,0,1
105,Rs,60,2.975308705,1,1,0,0,0,0,1,1
105,s,61,2.975308705,0,1,0,0,1,0,1,1
105,Tu,62,4.683127949,0,0,1,1,0,0,1,1
105,s,63,3.020576132,0,1,0,0,1,0,0,1
105,Tu,64,4.736625389,0,0,1,1,0,0,0,1
105,T,65,3.049382904,0,0,1,0,0,0,0,0
105,Rs,66,4.711934408,1,1,0,0,0,0,0,0
105,R,67,3.090535168,1,0,0,0,0,0,0,0
105,Ru,68,4.641975685,1,0,0,1,0,0,0,0
105,Ts,69,4.625514403,0,1,1,0,0,0,0,0
105,u,70,2.995884836,0,0,0,1,0,1,0,0
105,Tu,71,4.740740866,0,0,1,1,0,0,0,0
105,s,72,3.016460968,0,1,0,0,1,0,0,0
105,u,73,3.008230641,0,0,0,1,0,1,0,0
105,s,74,2.987654509,0,1,0,0,1,0,0,0
105,Tu,75,4.63374473,0,0,1,1,0,0,0,0
105,R,76,1.304526718,1,0,0,0,0,0,0,0
105,Ts,77,4.547325354,0,1,1,0,0,0,0,0
105,Rs,78,4.679012471,1,1,0,0,0,0,0,0
105,Ru,79,4.666666667,1,0,0,1,0,0,0,0
105,T,80,1.255144127,0,0,1,0,0,0,0,0
106,s,1,2.989712185,0,1,0,0,0,0,1,1
106,s,2,2.989712185,0,1,0,0,0,0,0,1
106,Rs,3,4.298354161,1,1,0,0,0,0,1,1
106,Rs,4,2.532922062,1,1,0,0,0,0,1,1
106,s,5,2.938271605,0,1,0,0,1,0,1,1
106,Rs,6,3.339506173,1,1,0,0,0,0,1,1
106,s,7,4.666666667,0,1,0,0,1,0,0,1
106,Rs,8,3.574074074,1,1,0,0,0,0,0,1
106,s,9,2.938271605,0,1,0,0,1,0,0,1
106,Rs,10,2.938271605,1,1,0,0,0,0,0,1
106,s,11,1.308641975,0,1,0,0,1,0,0,1
106,Rs,12,3.446502309,1,1,0,0,0,0,1,1
106,Rs,13,3.50617284,1,1,0,0,0,0,0,1
106,s,14,2.989712185,0,1,0,0,1,0,0,1
106,Rs,15,4.242798605,1,1,0,0,0,0,1,1
106,s,16,1.343621525,0,1,0,0,1,0,1,1
106,s,17,1.189300537,0,1,0,0,1,0,0,1
106,Rs,18,4.419753086,1,1,0,0,0,0,1,1
106,s,19,1.259259259,0,1,0,0,1,0,0,1
106,Rs,20,4.880658562,1,1,0,0,0,0,1,1
106,s,21,1.290123457,0,1,0,0,1,0,0,1
106,Rs,22,4.958847988,1,1,0,0,0,0,1,1
106,s,23,3.901234568,0,1,0,0,1,0,0,1
106,Rs,24,4.952675148,1,1,0,0,0,0,1,1
106,u,25,3.032922062,0,0,0,1,0,0,1,1
106,u,26,3.032922062,0,0,0,1,0,0,0,1
106,Tu,27,3.032922062,0,0,1,1,0,0,1,1
106,Tu,28,4.971193667,0,0,1,1,0,0,0,1
106,Tu,29,4.543209877,0,0,1,1,0,0,1,1
106,u,30,4.950617284,0,0,0,1,0,1,0,1
106,Tu,31,2.923868438,0,0,1,1,0,0,0,1
106,u,32,4.855967204,0,0,0,1,0,1,0,1
106,u,33,3.141975309,0,0,0,1,0,1,0,1
106,Tu,34,4.862140043,0,0,1,1,0,0,1,1
106,Tu,35,4.831275846,0,0,1,1,0,0,1,1
106,u,36,1.037037037,0,0,0,1,0,1,0,1
106,Tu,37,4.975308642,0,0,1,1,0,0,1,1
106,u,38,4.913580247,0,0,0,1,0,1,1,1
106,Tu,39,4.948559796,0,0,1,1,0,0,0,1
106,u,40,4.952675148,0,0,0,1,0,1,0,1
106,u,41,3.15843634,0,0,0,1,0,1,0,1
106,u,42,4.502057864,0,0,0,1,0,1,0,1
106,Tu,43,1.00617284,0,0,1,1,0,0,1,1
106,Tu,44,1.030864198,0,0,1,1,0,0,1,1
106,u,45,1.012345679,0,0,0,1,0,1,0,1
106,u,46,4.944444444,0,0,0,1,0,1,1,1
106,Tu,47,4.956790123,0,0,1,1,0,0,1,1
106,Tu,48,1.014403355,0,0,1,1,0,0,1,1
106,s,49,3.010288191,0,1,0,0,1,0,0,1
106,u,50,1.057613232,0,0,0,1,0,1,1,1
106,Rs,51,4.973251154,1,1,0,0,0,0,1,1
106,s,52,1.041152389,0,1,0,0,1,0,0,1
106,Rs,53,1.053498068,1,1,0,0,0,0,0,1
106,Tu,54,1.034979549,0,0,1,1,0,0,1,1
106,u,55,1.026749034,0,0,0,1,0,1,0,1
106,Tu,56,1.004115352,0,0,1,1,0,0,1,1
106,Tu,57,1.020576194,0,0,1,1,0,0,1,1
106,u,58,4.981481481,0,0,0,1,0,1,0,1
106,s,59,1.008230515,0,1,0,0,1,0,1,1
106,u,60,4.977366506,0,0,0,1,0,1,0,1
106,Tu,61,4.99382716,0,0,1,1,0,0,0,1
106,Rs,62,1.010288191,1,1,0,0,0,0,1,1
106,s,63,1.002057676,0,1,0,0,1,0,0,1
106,Rs,64,4.956790123,1,1,0,0,0,0,1,1
106,Ts,65,4.948559796,0,1,1,0,0,0,0,0
106,Ru,66,4.944444444,1,0,0,1,0,0,0,0
106,Rs,67,1.026749034,1,1,0,0,0,0,0,0
106,Tu,68,1.026749034,0,0,1,1,0,0,0,0
106,R,69,3.008230704,1,0,0,0,0,0,0,0
106,s,70,4.965020827,0,1,0,0,1,0,0,0
106,T,71,1.072016586,0,0,1,0,0,0,0,0
106,u,72,4.860082556,0,0,0,1,0,1,0,0
106,Rs,73,4.954732636,1,1,0,0,0,0,0,0
106,Ru,74,4.981481481,1,0,0,1,0,0,0,0
106,T,75,3.113168975,0,0,1,0,0,0,0,0
106,R,76,4.423868438,1,0,0,0,0,0,0,0
106,s,77,2.734567901,0,1,0,0,1,0,0,0
106,u,78,4.915638111,0,0,0,1,0,1,0,0
106,Ts,79,4.977366506,0,1,1,0,0,0,0,0
106,Tu,80,1.018518519,0,0,1,1,0,0,0,0
107,Tu,1,3.021759259,0,0,1,1,0,0,1,1
107,u,2,2.630588624,0,0,0,1,0,1,0,1
107,u,3,1.88655754,0,0,0,1,0,1,0,1
107,Tu,4,4.363161376,0,0,1,1,0,0,1,1
107,Tu,5,4.978042328,0,0,1,1,0,0,1,1
107,u,6,1.346494709,0,0,0,1,0,1,0,1
107,Tu,7,4.851636905,0,0,1,1,0,0,1,1
107,u,8,1.075132275,0,0,0,1,0,1,0,1
107,Tu,9,4.923991402,0,0,1,1,0,0,0,1
107,u,10,1.920849868,0,0,0,1,0,1,1,1
107,Tu,11,3.641865079,0,0,1,1,0,0,1,1
107,u,12,3.641865079,0,0,0,1,0,1,0,1
107,u,13,3.222916667,0,0,0,1,0,1,1,1
107,Tu,14,3.518584656,0,0,1,1,0,0,1,1
107,Tu,15,3.563657407,0,0,1,1,0,0,0,1
107,u,16,4.026636905,0,0,0,1,0,1,0,1
107,u,17,4.026636905,0,0,0,1,0,1,1,1
107,u,18,3.592708333,0,0,0,1,0,1,0,1
107,Tu,19,3.413376323,0,0,1,1,0,0,1,1
107,Tu,20,3.448809524,0,0,1,1,0,0,1,1
107,u,21,2.390906085,0,0,0,1,0,1,0,1
107,Tu,22,2.390906085,0,0,1,1,0,0,0,1
107,u,23,3.579927249,0,0,0,1,0,1,0,1
107,Tu,24,3.423478836,0,0,1,1,0,0,1,1
107,Rs,25,3.026521164,1,1,0,0,0,0,0,1
107,Rs,26,1.951901455,1,1,0,0,0,0,1,1
107,s,27,2.965922619,0,1,0,0,1,0,0,1
107,s,28,2.719609788,0,1,0,0,1,0,1,1
107,s,29,2.583829365,0,1,0,0,1,0,1,1
107,Rs,30,2.979960317,1,1,0,0,0,0,1,1
107,s,31,2.229596561,0,1,0,0,1,0,0,1
107,Rs,32,3.472238757,1,1,0,0,0,0,1,1
107,Rs,33,3.653339947,1,1,0,0,0,0,1,1
107,s,34,3.312566138,0,1,0,0,1,0,0,1
107,s,35,3.925876323,0,1,0,0,1,0,0,1
107,Rs,36,3.925876323,1,1,0,0,0,0,1,1
107,s,37,3.544031085,0,1,0,0,1,0,0,1
107,Rs,38,3.544031085,1,1,0,0,0,0,1,1
107,Rs,39,4.000529101,1,1,0,0,0,0,0,1
107,s,40,3.558746693,0,1,0,0,1,0,1,1
107,s,41,3.893501984,0,1,0,0,1,0,0,1
107,Rs,42,2.981299603,1,1,0,0,0,0,1,1
107,s,43,2.322056878,0,1,0,0,1,0,0,1
107,Rs,44,3.78723545,1,1,0,0,0,0,1,1
107,Rs,45,2.150793651,1,1,0,0,0,0,0,1
107,Rs,46,3.992046958,1,1,0,0,0,0,1,1
107,s,47,1.955935847,0,1,0,0,1,0,0,1
107,s,48,4.17255291,0,1,0,0,1,0,0,1
107,Tu,49,3.673578042,0,0,1,1,0,0,1,1
107,s,50,2.408515212,0,1,0,0,1,0,0,1
107,Tu,51,3.761177249,0,0,1,1,0,0,1,1
107,Rs,52,3.007242063,1,1,0,0,0,0,1,1
107,u,53,2.272387566,0,0,0,1,0,1,1,1
107,Rs,54,3.974685847,1,1,0,0,0,0,0,1
107,s,55,3.787698413,0,1,0,0,1,0,0,1
107,u,56,3.784259259,0,0,0,1,0,1,0,1
107,Rs,57,2.24646164,1,1,0,0,0,0,1,1
107,Tu,58,3.872453704,0,0,1,1,0,0,0,1
107,u,59,3.000330688,0,0,0,1,0,1,0,1
107,Rs,60,3.616517857,1,1,0,0,0,0,1,1
107,s,61,3.616517857,0,1,0,0,1,0,0,1
107,Tu,62,3.345734127,0,0,1,1,0,0,1,1
107,u,63,2.354431217,0,0,0,1,0,1,0,1
107,s,64,1.995982143,0,1,0,0,1,0,1,1
107,Rs,65,3.772602513,1,1,0,0,0,0,0,0
107,Ru,66,3.450115741,1,0,0,1,0,0,0,0
107,Ts,67,2.269874339,0,1,1,0,0,0,0,0
107,T,68,3.532457011,0,0,1,0,0,0,0,0
107,Tu,69,4.037962963,0,0,1,1,0,0,0,0
107,s,70,2.974503968,0,1,0,0,1,0,0,0
107,R,71,2.66656746,1,0,0,0,0,0,0,0
107,u,72,3.663574735,0,0,0,1,0,1,0,0
107,Tu,73,4.054298942,0,0,1,1,0,0,0,0
107,Ru,74,1.908945106,1,0,0,1,0,0,0,0
107,T,75,3.439566799,0,0,1,0,0,0,0,0
107,R,76,3.00014881,1,0,0,0,0,0,0,0
107,s,77,1.937929894,0,1,0,0,1,0,0,0
107,u,78,2.320122354,0,0,0,1,0,1,0,0
107,Rs,79,3.725429894,1,1,0,0,0,0,0,0
107,Ts,80,1.942410714,0,1,1,0,0,0,0,0
108,Rs,1,3.004375241,1,1,0,0,0,0,0,1
108,s,2,1.012975471,0,1,0,0,1,0,0,1
108,s,3,2.121746902,0,1,0,0,1,0,1,1
108,Rs,4,4.133685679,1,1,0,0,0,0,1,1
108,s,5,2.136718449,0,1,0,0,1,0,1,1
108,s,6,3.956024245,0,1,0,0,1,0,0,1
108,Rs,7,3.980858471,1,1,0,0,0,0,1,1
108,Rs,8,4.095405635,1,1,0,0,0,0,0,1
108,s,9,2.238770737,0,1,0,0,1,0,0,1
108,s,10,3.788985038,0,1,0,0,1,0,0,1
108,Rs,11,1.821702293,1,1,0,0,0,0,1,1
108,Rs,12,3.867274908,1,1,0,0,0,0,1,1
108,Rs,13,4.083913243,1,1,0,0,0,0,1,1
108,Rs,14,4.437389685,1,1,0,0,0,0,1,1
108,s,15,1.695919687,0,1,0,0,1,0,1,1
108,s,16,2.697818709,0,1,0,0,1,0,0,1
108,Rs,17,3.990697037,1,1,0,0,0,0,1,1
108,s,18,4.001684872,0,1,0,0,1,0,0,1
108,Rs,19,4.553727214,1,1,0,0,0,0,1,1
108,s,20,3.296595896,0,1,0,0,1,0,0,1
108,Rs,21,4.290008922,1,1,0,0,0,0,1,1
108,Rs,22,4.422246636,1,1,0,0,0,0,0,1
108,s,23,2.56509844,0,1,0,0,1,0,0,1
108,s,24,1.847001591,0,1,0,0,1,0,0,1
108,u,25,2.968769893,0,0,0,1,0,0,1,1
108,u,26,4.917343027,0,0,0,1,0,0,0,1
108,Tu,27,2.997447977,0,0,1,1,0,0,0,1
108,Tu,28,1.349804688,0,0,1,1,0,0,1,1
108,u,29,2.049255522,0,0,0,1,0,1,0,1
108,Tu,30,3.233520508,0,0,1,1,0,0,1,1
108,Tu,31,3.505040449,0,0,1,1,0,0,1,1
108,u,32,4.029791486,0,0,0,1,0,1,0,1
108,u,33,2.598232241,0,0,0,1,0,1,1,1
108,u,34,3.24242501,0,0,0,1,0,1,0,1
108,Tu,35,4.01248493,0,0,1,1,0,0,1,1
108,Tu,36,4.010120081,0,0,1,1,0,0,0,1
108,u,37,3.836291353,0,0,0,1,0,1,0,1
108,Tu,38,3.863476562,0,0,1,1,0,0,1,1
108,u,39,2.65643838,0,0,0,1,0,1,0,1
108,Tu,40,2.45923364,0,0,1,1,0,0,1,1
108,u,41,3.468117043,0,0,0,1,0,1,0,1
108,Tu,42,4.023304278,0,0,1,1,0,0,1,1
108,u,43,2.242777356,0,0,0,1,0,1,1,1
108,Tu,44,3.802783806,0,0,1,1,0,0,1,1
108,Tu,45,2.08875205,0,0,1,1,0,0,1,1
108,u,46,4.026056737,0,0,0,1,0,1,0,1
108,u,47,2.220987956,0,0,0,1,0,1,0,1
108,Tu,48,4.494550842,0,0,1,1,0,0,0,1
108,s,49,3.002549913,0,1,0,0,1,0,0,1
108,Tu,50,3.781159879,0,0,1,1,0,0,1,1
108,Rs,51,3.904280599,1,1,0,0,0,0,0,1
108,Rs,52,3.138995587,1,1,0,0,0,0,1,1
108,u,53,3.856915509,0,0,0,1,0,1,0,1
108,s,54,3.04573628,0,1,0,0,1,0,0,1
108,u,55,3.237234459,0,0,0,1,0,1,1,1
108,Tu,56,3.585088735,0,0,1,1,0,0,1,1
108,s,57,3.71645538,0,1,0,0,1,0,0,1
108,Rs,58,3.720005968,1,1,0,0,0,0,1,1
108,u,59,3.823714193,0,0,0,1,0,1,0,1
108,Rs,60,4.023501097,1,1,0,0,0,0,1,1
108,Tu,61,4.443879003,0,0,1,1,0,0,0,1
108,Tu,62,4.414986919,0,0,1,1,0,0,1,1
108,s,63,3.317942527,0,1,0,0,1,0,1,1
108,u,64,3.927752459,0,0,0,1,0,1,0,1
108,Ts,65,3.970518663,0,1,1,0,0,0,0,0
108,Ru,66,3.983792378,1,0,0,1,0,0,0,0
108,Tu,67,3.983792378,0,0,1,1,0,0,0,0
108,Rs,68,3.772962179,1,1,0,0,0,0,0,0
108,T,69,2.586874578,0,0,1,0,0,0,0,0
108,R,70,3.485111642,1,0,0,0,0,0,0,0
108,s,71,3.495047864,0,1,0,0,1,0,0,0
108,u,72,3.708626905,0,0,0,1,0,1,0,0
108,Ts,73,3.946191105,0,1,1,0,0,0,0,0
108,u,74,3.960568878,0,0,0,1,0,1,0,0
108,R,75,3.136820023,1,0,0,0,0,0,0,0
108,Tu,76,4.239008849,0,0,1,1,0,0,0,0
108,s,77,3.982045008,0,1,0,0,1,0,0,0
108,Rs,78,4.605171248,1,1,0,0,0,0,0,0
108,T,79,4.618993328,0,0,1,0,0,0,0,0
108,Ru,80,4.396115967,1,0,0,1,0,0,0,0
109,Rs,1,2.975308642,1,1,0,0,0,0,1,1
109,s,2,3.008230453,0,1,0,0,1,0,0,1
109,s,3,1.016460905,0,1,0,0,1,0,1,1
109,Rs,4,4.967078189,1,1,0,0,0,0,0,1
109,Rs,5,3.020576132,1,1,0,0,0,0,1,1
109,s,6,4.942386831,0,1,0,0,1,0,0,1
109,s,7,3.024691358,0,1,0,0,1,0,0,1
109,Rs,8,4.950617284,1,1,0,0,0,0,0,1
109,Rs,9,3.016460905,1,1,0,0,0,0,1,1
109,s,10,3.028806584,0,1,0,0,1,0,0,1
109,Rs,11,3.650205761,1,1,0,0,0,0,1,1
109,s,12,2.218106996,0,1,0,0,1,0,0,1
109,s,13,3.699588477,0,1,0,0,1,0,0,1
109,Rs,14,3.683127572,1,1,0,0,0,0,1,1
109,s,15,1.654320988,0,1,0,0,1,0,0,1
109,Rs,16,1.75308642,1,1,0,0,0,0,1,1
109,Rs,17,1.798353909,1,1,0,0,0,0,1,1
109,Rs,18,1.835390947,1,1,0,0,0,0,1,1
109,s,19,1.818930041,0,1,0,0,1,0,0,1
109,s,20,3.872427984,0,1,0,0,1,0,1,1
109,Rs,21,3.724279835,1,1,0,0,0,0,0,1
109,s,22,3.794238683,0,1,0,0,1,0,1,1
109,Rs,23,3.950617284,1,1,0,0,0,0,1,1
109,s,24,2.139917695,0,1,0,0,1,0,0,1
109,Tu,25,3.016460905,0,0,1,1,0,0,1,1
109,Tu,26,1.432098765,0,0,1,1,0,0,1,1
109,u,27,3,0,0,0,1,0,1,0,1
109,u,28,1.448559671,0,0,0,1,0,1,0,1
109,u,29,1.358024691,0,0,0,1,0,1,0,1
109,Tu,30,3.773662551,0,0,1,1,0,0,1,1
109,Tu,31,3.654320988,0,0,1,1,0,0,1,1
109,u,32,1.41563786,0,0,0,1,0,1,1,1
109,Tu,33,4.259259259,0,0,1,1,0,0,1,1
109,Tu,34,4.855967078,0,0,1,1,0,0,0,1
109,u,35,3.691358025,0,0,0,1,0,1,1,1
109,u,36,3.086419753,0,0,0,1,0,1,0,1
109,Tu,37,4.559670782,0,0,1,1,0,0,1,1
109,Tu,38,4.522633745,0,0,1,1,0,0,1,1
109,u,39,1.650205761,0,0,0,1,0,1,0,1
109,u,40,1.790123457,0,0,0,1,0,1,0,1
109,Tu,41,4.757201646,0,0,1,1,0,0,1,1
109,u,42,1.41563786,0,0,0,1,0,1,0,1
109,Tu,43,4.592592593,0,0,1,1,0,0,0,1
109,u,44,4.255144033,0,0,0,1,0,1,1,1
109,Tu,45,4.473251029,0,0,1,1,0,0,0,1
109,u,46,4.49382716,0,0,0,1,0,1,0,1
109,u,47,1.522633745,0,0,0,1,0,1,0,1
109,Tu,48,4.374485597,0,0,1,1,0,0,1,1
109,Rs,49,1.592592593,1,1,0,0,0,0,1,1
109,Rs,50,4.358024691,1,1,0,0,0,0,0,1
109,Tu,51,4.407407407,0,0,1,1,0,0,1,1
109,s,52,4.320987654,0,1,0,0,1,0,0,1
109,Tu,53,4.452674897,0,0,1,1,0,0,1,1
109,s,54,1.452674897,0,1,0,0,1,0,0,1
109,u,55,1.522633745,0,0,0,1,0,1,1,1
109,u,56,3.082304527,0,0,0,1,0,1,0,1
109,Rs,57,2.975308642,1,1,0,0,0,0,1,1
109,u,58,1.699588477,0,0,0,1,0,1,0,1
109,Tu,59,3.9218107,0,0,1,1,0,0,1,1
109,s,60,1.724279835,0,1,0,0,1,0,1,1
109,Tu,61,4.201646091,0,0,1,1,0,0,0,1
109,Rs,62,2.028806584,1,1,0,0,0,0,1,1
109,s,63,2.061728395,0,1,0,0,1,0,0,1
109,u,64,4.098765432,0,0,0,1,0,1,0,1
109,Rs,65,1.909465021,1,1,0,0,0,0,0,0
109,s,66,2.934156379,0,1,0,0,1,0,0,0
109,T,67,2.983539095,0,0,1,0,0,0,0,0
109,Ts,68,3.670781893,0,1,1,0,0,0,0,0
109,R,69,2.975308642,1,0,0,0,0,0,0,0
109,Tu,70,4.176954733,0,0,1,1,0,0,0,0
109,Ru,71,3.427983539,1,0,0,1,0,0,0,0
109,u,72,1.87654321,0,0,0,1,0,1,0,0
109,Tu,73,3.748971193,0,0,1,1,0,0,0,0
109,Ru,74,2.975308642,1,0,0,1,0,0,0,0
109,s,75,2.074074074,0,1,0,0,1,0,0,0
109,Rs,76,3.49382716,1,1,0,0,0,0,0,0
109,Ts,77,3.057613169,0,1,1,0,0,0,0,0
109,T,78,2.958847737,0,0,1,0,0,0,0,0
109,u,79,2.082304527,0,0,0,1,0,1,0,0
109,R,80,3.016460905,1,0,0,0,0,0,0,0
110,u,1,2.971064815,0,0,0,1,0,0,0,1
110,Tu,2,2.488811846,0,0,1,1,0,0,0,1
110,Tu,3,2.284336655,0,0,1,1,0,0,1,1
110,u,4,2.44251555,0,0,0,1,0,1,1,1
110,Tu,5,2.72415147,0,0,1,1,0,0,1,1
110,u,6,3.140818137,0,0,0,1,0,1,0,1
110,u,7,2.616126661,0,0,0,1,0,1,0,1
110,Tu,8,3.572916667,0,0,1,1,0,0,1,1
110,Tu,9,3.707947766,0,0,1,1,0,0,1,1
110,u,10,2.268904439,0,0,0,1,0,1,1,1
110,u,11,2.562114433,0,0,0,1,0,1,0,1
110,Tu,12,3.869984803,0,0,1,1,0,0,1,1
110,u,13,2.955632952,0,0,0,1,0,1,0,1
110,Tu,14,3.715663698,0,0,1,1,0,0,1,1
110,u,15,3.715663698,0,0,0,1,0,1,0,1
110,Tu,16,3.688657407,0,0,1,1,0,0,1,1
110,u,17,2.863040359,0,0,0,1,0,1,0,1
110,Tu,18,4.020447766,0,0,1,1,0,0,0,1
110,Tu,19,4.00501555,0,0,1,1,0,0,1,1
110,u,20,2.963348883,0,0,0,1,0,1,0,1
110,Tu,21,3.765818137,0,0,1,1,0,0,0,1
110,Tu,22,3.588348883,0,0,1,1,0,0,1,1
110,u,23,2.940200735,0,0,0,1,0,1,1,1
110,u,24,2.940200735,0,0,0,1,0,1,0,1
110,s,25,2.917052587,0,1,0,0,0,0,0,1
110,s,26,3.025077396,0,1,0,0,0,0,1,1
110,Rs,27,3.025077396,1,1,0,0,0,0,1,1
110,Rs,28,3.025077396,1,1,0,0,0,0,1,1
110,Rs,29,3.43788592,1,1,0,0,0,0,0,1
110,s,30,3.063657407,0,1,0,0,1,0,1,1
110,s,31,3.063657407,0,1,0,0,1,0,0,1
110,Rs,32,3.198688507,1,1,0,0,0,0,1,1
110,Rs,33,3.271990741,1,1,0,0,0,0,1,1
110,s,34,2.990355174,0,1,0,0,1,0,0,1
110,s,35,2.990355174,0,1,0,0,1,0,0,1
110,Rs,36,3.457175926,1,1,0,0,0,0,1,1
110,Rs,37,3.457175926,1,1,0,0,0,0,0,1
110,s,38,2.982638889,0,1,0,0,1,0,1,1
110,s,39,2.998071105,0,1,0,0,1,0,0,1
110,Rs,40,3.522762581,1,1,0,0,0,0,1,1
110,s,41,2.955632952,0,1,0,0,1,0,0,1
110,s,42,2.998071105,0,1,0,0,1,0,0,1
110,Rs,43,3.484182217,1,1,0,0,0,0,1,1
110,Rs,44,3.588348883,1,1,0,0,0,0,0,1
110,s,45,3.021219254,0,1,0,0,1,0,0,1
110,Rs,46,3.52662037,1,1,0,0,0,0,1,1
110,Rs,47,3.52662037,1,1,0,0,0,0,1,1
110,s,48,3.013503322,0,1,0,0,1,0,0,1
110,s,49,3.021219254,0,1,0,0,1,0,0,1
110,Tu,50,3.731095914,0,0,1,1,0,0,1,1
110,u,51,2.681712963,0,0,0,1,0,1,1,1
110,Rs,52,3.707947766,1,1,0,0,0,0,0,1
110,Tu,53,3.553626661,0,0,1,1,0,0,1,1
110,u,54,3.032793328,0,0,0,1,0,1,0,1
110,s,55,3.117669989,0,1,0,0,1,0,0,1
110,Rs,56,3.69251555,1,1,0,0,0,0,1,1
110,u,57,2.959490741,0,0,0,1,0,1,0,1
110,Tu,58,3.572916667,0,0,1,1,0,0,0,1
110,s,59,3.048225544,0,1,0,0,1,0,1,1
110,Rs,60,3.657793328,1,1,0,0,0,0,1,1
110,Rs,61,3.657793328,1,1,0,0,0,0,1,1
110,Tu,62,3.657793328,0,0,1,1,0,0,1,1
110,s,63,2.9787811,0,1,0,0,1,0,0,1
110,u,64,2.917052587,0,0,0,1,0,1,0,1
110,u,65,2.917052587,0,0,0,1,0,1,0,0
110,R,66,3.835262581,1,0,0,0,0,0,0,0
110,Tu,67,3.565200735,0,0,1,1,0,0,0,0
110,T,68,3.958719254,0,0,1,0,0,0,0,0
110,s,69,2.959490741,0,1,0,0,1,0,0,0
110,Rs,70,3.804398148,1,1,0,0,0,0,0,0
110,Ru,71,3.69251555,1,0,0,1,0,0,0,0
110,Ts,72,3.742669989,0,1,1,0,0,0,0,0
110,Ru,73,3.742669989,1,0,0,1,0,0,0,0
110,s,74,3.086805556,0,1,0,0,1,0,0,0
110,T,75,3.754244063,0,0,1,0,0,0,0,0
110,Rs,76,3.700231481,1,1,0,0,0,0,0,0
110,Ts,77,3.72337963,0,1,1,0,0,0,0,0
110,R,78,3.72337963,1,0,0,0,0,0,0,0
110,u,79,2.998071105,0,0,0,1,0,1,0,0
110,Tu,80,3.746527778,0,0,1,1,0,0,0,0
111,Rs,1,2.442119985,1,1,0,0,0,0,1,1
111,s,2,4.475920501,0,1,0,0,1,0,0,1
111,Rs,3,4.671120877,1,1,0,0,0,0,0,1
111,s,4,1.812091893,0,1,0,0,1,0,0,1
111,Rs,5,2.981674081,1,1,0,0,0,0,1,1
111,s,6,1.258092659,0,1,0,0,1,0,0,1
111,Rs,7,3.051542607,1,1,0,0,0,0,1,1
111,s,8,3.051542607,0,1,0,0,1,0,1,1
111,Rs,9,3.051542607,1,1,0,0,0,0,1,1
111,s,10,3.051542607,0,1,0,0,1,0,0,1
111,s,11,3.041212143,0,1,0,0,1,0,0,1
111,Rs,12,3.057039388,1,1,0,0,0,0,1,1
111,Rs,13,2.978258222,1,1,0,0,0,0,1,1
111,s,14,2.984557653,0,1,0,0,1,0,0,1
111,Rs,15,2.996190803,1,1,0,0,0,0,0,1
111,s,16,3.003974067,0,1,0,0,1,0,1,1
111,s,17,3.021983507,0,1,0,0,1,0,0,1
111,s,18,3.021983507,0,1,0,0,1,0,0,1
111,Rs,19,3.034141107,1,1,0,0,0,0,1,1
111,Rs,20,3.041797176,1,1,0,0,0,0,1,1
111,s,21,3.046473524,0,1,0,0,1,0,0,1
111,s,22,3.046473524,0,1,0,0,1,0,1,1
111,Rs,23,3.046473524,1,1,0,0,0,0,1,1
111,Rs,24,3.046473524,1,1,0,0,0,0,0,1
111,Tu,25,3.028883343,0,0,1,1,0,0,1,1
111,u,26,3.028883343,0,0,0,1,0,1,0,1
111,u,27,3.029906322,0,0,0,1,0,1,0,1
111,Tu,28,3.029906322,0,0,1,1,0,0,1,1
111,Tu,29,4.934754774,0,0,1,1,0,0,1,1
111,u,30,1.382302216,0,0,0,1,0,1,0,1
111,Tu,31,4.949887273,0,0,1,1,0,0,1,1
111,u,32,1.069641867,0,0,0,1,0,1,1,1
111,Tu,33,1.224109942,0,0,1,1,0,0,1,1
111,u,34,4.83617079,0,0,0,1,0,1,0,1
111,Tu,35,4.909042245,0,0,1,1,0,0,0,1
111,u,36,4.909042245,0,0,0,1,0,1,1,1
111,Tu,37,1.117836733,0,0,1,1,0,0,1,1
111,u,38,2.998471258,0,0,0,1,0,1,0,1
111,u,39,3.692672767,0,0,0,1,0,1,0,1
111,Tu,40,4.031940225,0,0,1,1,0,0,1,1
111,Tu,41,4.213427132,0,0,1,1,0,0,1,1
111,u,42,3.619596053,0,0,0,1,0,1,1,1
111,Tu,43,4.535198447,0,0,1,1,0,0,0,1
111,u,44,3.589555001,0,0,0,1,0,1,0,1
111,u,45,2.479008427,0,0,0,1,0,1,0,1
111,Tu,46,3.430557967,0,0,1,1,0,0,0,1
111,u,47,2.977838059,0,0,0,1,0,1,0,1
111,Tu,48,4.271965121,0,0,1,1,0,0,1,1
111,u,49,2.94881215,0,0,0,1,0,1,0,1
111,Tu,50,2.94881215,0,0,1,1,0,0,1,1
111,s,51,2.952502291,0,1,0,0,1,0,0,1
111,Rs,52,2.952502291,1,1,0,0,0,0,0,1
111,Tu,53,2.952502291,0,0,1,1,0,0,1,1
111,s,54,2.952502291,0,1,0,0,1,0,0,1
111,Rs,55,2.952502291,1,1,0,0,0,0,1,1
111,u,56,2.952502291,0,0,0,1,0,1,1,1
111,Rs,57,3.497371721,1,1,0,0,0,0,1,1
111,Tu,58,3.497371721,0,0,1,1,0,0,1,1
111,u,59,3.581114065,0,0,0,1,0,1,0,1
111,s,60,2.725293572,0,1,0,0,1,0,1,1
111,s,61,2.940808859,0,1,0,0,1,0,0,1
111,u,62,3.095802891,0,0,0,1,0,1,0,1
111,Rs,63,3.69620075,1,1,0,0,0,0,1,1
111,Tu,64,3.133666691,0,0,1,1,0,0,0,1
111,T,65,3.026303289,0,0,1,0,0,0,0,0
111,u,66,3.026303289,0,0,0,1,0,1,0,0
111,Rs,67,3.759532034,1,1,0,0,0,0,0,0
111,Ru,68,3.759532034,1,0,0,1,0,0,0,0
111,R,69,2.849213626,1,0,0,0,0,0,0,0
111,Ts,70,4.069776295,0,1,1,0,0,0,0,0
111,Tu,71,4.082513503,0,0,1,1,0,0,0,0
111,s,72,2.614847065,0,1,0,0,1,0,0,0
111,Rs,73,3.59151747,1,1,0,0,0,0,0,0
111,R,74,2.905258668,1,0,0,0,0,0,0,0
111,T,75,3.049959611,0,0,1,0,0,0,0,0
111,Ts,76,3.847481735,0,1,1,0,0,0,0,0
111,s,77,2.294208743,0,1,0,0,1,0,0,0
111,u,78,2.298939345,0,0,0,1,0,1,0,0
111,Tu,79,2.538208309,0,0,1,1,0,0,0,0
111,Ru,80,3.8447989,1,0,0,1,0,0,0,0
112,Rs,1,2.995885025,1,1,0,0,0,0,1,1
112,Rs,2,4.366255395,1,1,0,0,0,0,1,1
112,s,3,2.983539346,0,1,0,0,1,0,0,1
112,s,4,1.386831401,0,1,0,0,1,0,0,1
112,Rs,5,4.732510414,1,1,0,0,0,0,1,1
112,Rs,6,4.925925926,1,1,0,0,0,0,0,1
112,s,7,1.20576138,0,1,0,0,1,0,0,1
112,s,8,1.197530864,0,1,0,0,1,0,0,1
112,s,9,1.020576194,0,1,0,0,1,0,1,1
112,Rs,10,3.975308642,1,1,0,0,0,0,1,1
112,s,11,1.765432099,0,1,0,0,1,0,0,1
112,Rs,12,4.78189313,1,1,0,0,0,0,0,1
112,s,13,2.08230459,0,1,0,0,1,0,0,1
112,s,14,1.181070022,0,1,0,0,1,0,1,1
112,Rs,15,4.078189426,1,1,0,0,0,0,1,1
112,Rs,16,4.646090661,1,1,0,0,0,0,0,1
112,s,17,2.843621525,0,1,0,0,1,0,1,1
112,Rs,18,4.481481481,1,1,0,0,0,0,1,1
112,Rs,19,4.52263387,1,1,0,0,0,0,1,1
112,s,20,2.909465272,0,1,0,0,1,0,0,1
112,Rs,21,4.617283951,1,1,0,0,0,0,1,1
112,Rs,22,4.55144058,1,1,0,0,0,0,1,1
112,s,23,2.806584488,0,1,0,0,1,0,0,1
112,s,24,2.683127698,0,1,0,0,1,0,0,1
112,Tu,25,2.962962963,0,0,1,1,0,0,1,1
112,Tu,26,3.650206012,0,0,1,1,0,0,1,1
112,u,27,2.967078315,0,0,0,1,0,1,0,1
112,u,28,2.181070022,0,0,0,1,0,1,0,1
112,u,29,1.835391009,0,0,0,1,0,1,0,1
112,u,30,1.62962963,0,0,0,1,0,1,1,1
112,Tu,31,4.39917708,0,0,1,1,0,0,1,1
112,Tu,32,4.440329469,0,0,1,1,0,0,0,1
112,Tu,33,4.481481481,0,0,1,1,0,0,1,1
112,u,34,1.748971256,0,0,0,1,0,1,0,1
112,Tu,35,4.539094901,0,0,1,1,0,0,0,1
112,u,36,1.814814815,0,0,0,1,0,1,1,1
112,u,37,1.666666667,0,0,0,1,0,1,0,1
112,u,38,1.650205824,0,0,0,1,0,1,0,1
112,Tu,39,4.502057864,0,0,1,1,0,0,1,1
112,Tu,40,4.613168975,0,0,1,1,0,0,0,1
112,Tu,41,4.366255395,0,0,1,1,0,0,1,1
112,u,42,1.654320988,0,0,0,1,0,1,0,1
112,Tu,43,4.52263387,0,0,1,1,0,0,1,1
112,u,44,1.592592593,0,0,0,1,0,1,1,1
112,u,45,1.641975309,0,0,0,1,0,1,0,1
112,u,46,1.670782019,0,0,0,1,0,1,0,1
112,Tu,47,4.42798379,0,0,1,1,0,0,1,1
112,Tu,48,4.460905475,0,0,1,1,0,0,1,1
112,Tu,49,4.600823296,0,0,1,1,0,0,1,1
112,Tu,50,4.65843634,0,0,1,1,0,0,1,1
112,s,51,1.45267496,0,1,0,0,1,0,0,1
112,u,52,1.448559796,0,0,0,1,0,1,0,1
112,s,53,1.50617284,0,1,0,0,1,0,0,1
112,Rs,54,4.646090661,1,1,0,0,0,0,0,1
112,u,55,1.481481481,0,0,0,1,0,1,1,1
112,Rs,56,4.366255395,1,1,0,0,0,0,1,1
112,s,57,1.563786071,0,1,0,0,1,0,0,1
112,u,58,1.633744982,0,0,0,1,0,1,0,1
112,Rs,59,4.481481481,1,1,0,0,0,0,1,1
112,Tu,60,4.514403543,0,0,1,1,0,0,1,1
112,s,61,1.485596833,0,1,0,0,1,0,1,1
112,Tu,62,4.510288191,0,0,1,1,0,0,0,1
112,u,63,1.572016586,0,0,0,1,0,1,0,1
112,Rs,64,4.559670907,1,1,0,0,0,0,1,1
112,Ru,65,4.514403543,1,0,0,1,0,0,0,0
112,u,66,1.559670907,0,0,0,1,0,1,0,0
112,Tu,67,3.407407407,0,0,1,1,0,0,0,0
112,Rs,68,4.55144058,1,1,0,0,0,0,0,0
112,Ts,69,3.111111111,0,1,1,0,0,0,0,0
112,R,70,2.975308642,1,0,0,0,0,0,0,0
112,T,71,3.004115352,0,0,1,0,0,0,0,0
112,s,72,1.584362266,0,1,0,0,1,0,0,0
112,T,73,2.995885025,0,0,1,0,0,0,0,0
112,Ts,74,2.979423994,0,1,1,0,0,0,0,0
112,R,75,3,1,0,0,0,0,0,0,0
112,s,76,1.539094713,0,1,0,0,1,0,0,0
112,u,77,1.477366318,0,0,0,1,0,1,0,0
112,Ru,78,3.218107247,1,0,0,1,0,0,0,0
112,Rs,79,4.567901235,1,1,0,0,0,0,0,0
112,Tu,80,4.633744982,0,0,1,1,0,0,0,0
113,Rs,1,4.608796296,1,1,0,0,0,0,1,1
113,s,2,4.707175926,0,1,0,0,1,0,1,1
113,s,3,4.62037037,0,1,0,0,1,0,0,1
113,Rs,4,4.747685185,1,1,0,0,0,0,1,1
113,Rs,5,4.747685185,1,1,0,0,0,0,1,1
113,s,6,4.793981481,0,1,0,0,1,0,0,1
113,s,7,4.712962963,0,1,0,0,1,0,0,1
113,Rs,8,4.822916667,1,1,0,0,0,0,0,1
113,Rs,9,4.759259259,1,1,0,0,0,0,1,1
113,s,10,4.614583333,0,1,0,0,1,0,0,1
113,s,11,1.078703704,0,1,0,0,1,0,0,1
113,Rs,12,4.846064815,1,1,0,0,0,0,1,1
113,s,13,4.846064815,0,1,0,0,1,0,1,1
113,Rs,14,1.072916667,1,1,0,0,0,0,1,1
113,s,15,4.834490741,0,1,0,0,1,0,0,1
113,Rs,16,4.834490741,1,1,0,0,0,0,0,1
113,s,17,1.119212963,0,1,0,0,1,0,0,1
113,Rs,18,4.892361111,1,1,0,0,0,0,1,1
113,s,19,4.840277778,0,1,0,0,1,0,1,1
113,Rs,20,4.840277778,1,1,0,0,0,0,0,1
113,s,21,1.159722222,0,1,0,0,1,0,0,1
113,Rs,22,4.93287037,1,1,0,0,0,0,1,1
113,Rs,23,4.741898148,1,1,0,0,0,0,1,1
113,s,24,4.741898148,0,1,0,0,1,0,0,1
113,u,25,1.165509259,0,0,0,1,0,0,0,1
113,u,26,4.875,0,0,0,1,0,0,0,1
113,Tu,27,4.840277778,0,0,1,1,0,0,1,1
113,Tu,28,4.840277778,0,0,1,1,0,0,0,1
113,u,29,4.840277778,0,0,0,1,0,1,0,1
113,u,30,4.840277778,0,0,0,1,0,1,0,1
113,Tu,31,4.799768519,0,0,1,1,0,0,1,1
113,Tu,32,4.793981481,0,0,1,1,0,0,1,1
113,u,33,4.793981481,0,0,0,1,0,1,0,1
113,u,34,4.793981481,0,0,0,1,0,1,1,1
113,Tu,35,4.649305556,0,0,1,1,0,0,1,1
113,Tu,36,4.649305556,0,0,1,1,0,0,0,1
113,Tu,37,4.799768519,0,0,1,1,0,0,1,1
113,Tu,38,4.759259259,0,0,1,1,0,0,1,1
113,u,39,4.759259259,0,0,0,1,0,1,0,1
113,u,40,4.759259259,0,0,0,1,0,1,0,1
113,u,41,4.759259259,0,0,0,1,0,1,0,1
113,u,42,4.759259259,0,0,0,1,0,1,1,1
113,Tu,43,4.875,0,0,1,1,0,0,1,1
113,Tu,44,4.875,0,0,1,1,0,0,1,1
113,Tu,45,4.875,0,0,1,1,0,0,1,1
113,Tu,46,4.875,0,0,1,1,0,0,0,1
113,u,47,4.875,0,0,0,1,0,1,0,1
113,u,48,4.875,0,0,0,1,0,1,1,1
113,Rs,49,4.863425926,1,1,0,0,0,0,1,1
113,s,50,4.863425926,0,1,0,0,1,0,0,1
113,u,51,4.863425926,0,0,0,1,0,1,0,1
113,s,52,4.863425926,0,1,0,0,1,0,0,1
113,Rs,53,4.863425926,1,1,0,0,0,0,0,1
113,Tu,54,1.125,0,0,1,1,0,0,1,1
113,u,55,1.125,0,0,0,1,0,1,1,1
113,Tu,56,1.125,0,0,1,1,0,0,1,1
113,Tu,57,1.125,0,0,1,1,0,0,1,1
113,s,58,1.125,0,1,0,0,1,0,0,1
113,Tu,59,1.125,0,0,1,1,0,0,0,1
113,u,60,4.608796296,0,0,0,1,0,1,0,1
113,Rs,61,1.119212963,1,1,0,0,0,0,1,1
113,u,62,1.136574074,0,0,0,1,0,1,0,1
113,Rs,63,1.136574074,1,1,0,0,0,0,1,1
113,s,64,1.136574074,0,1,0,0,1,0,1,1
113,Ru,65,4.753472222,1,0,0,1,0,0,0,0
113,Tu,66,4.730324074,0,0,1,1,0,0,0,0
113,u,67,4.730324074,0,0,0,1,0,1,0,0
113,R,68,4.730324074,1,0,0,0,0,0,0,0
113,T,69,4.730324074,0,0,1,0,0,0,0,0
113,Rs,70,4.730324074,1,1,0,0,0,0,0,0
113,s,71,4.730324074,0,1,0,0,1,0,0,0
113,Ts,72,4.730324074,0,1,1,0,0,0,0,0
113,Tu,73,4.730324074,0,0,1,1,0,0,0,0
113,Ru,74,4.730324074,1,0,0,1,0,0,0,0
113,T,75,4.730324074,0,0,1,0,0,0,0,0
113,s,76,4.730324074,0,1,0,0,1,0,0,0
113,R,77,4.672453704,1,0,0,0,0,0,0,0
113,u,78,4.672453704,0,0,0,1,0,1,0,0
113,Ts,79,4.672453704,0,1,1,0,0,0,0,0
113,Rs,80,4.672453704,1,1,0,0,0,0,0,0
114,s,1,4.984953704,0,1,0,0,0,0,0,1
114,Rs,2,1.015046296,1,1,0,0,0,0,1,1
114,Rs,3,4.990740741,1,1,0,0,0,0,0,1
114,s,4,2.953703704,0,1,0,0,1,0,0,1
114,Rs,5,1.009259259,1,1,0,0,0,0,1,1
114,Rs,6,1.02662037,1,1,0,0,0,0,1,1
114,s,7,4.984953704,0,1,0,0,1,0,0,1
114,s,8,1.003472222,0,1,0,0,1,0,0,1
114,Rs,9,4.984953704,1,1,0,0,0,0,1,1
114,s,10,4.967592593,0,1,0,0,1,0,0,1
114,Rs,11,2.872685185,1,1,0,0,0,0,0,1
114,s,12,4.990740741,0,1,0,0,1,0,1,1
114,s,13,1.003472222,0,1,0,0,1,0,0,1
114,s,14,4.961805556,0,1,0,0,1,0,1,1
114,Rs,15,4.979166667,1,1,0,0,0,0,1,1
114,Rs,16,4.97337963,1,1,0,0,0,0,1,1
114,s,17,4.921296296,0,1,0,0,1,0,0,1
114,s,18,1.038194444,0,1,0,0,1,0,1,1
114,Rs,19,4.938657407,1,1,0,0,0,0,0,1
114,Rs,20,1.043981481,1,1,0,0,0,0,1,1
114,Rs,21,4.915509259,1,1,0,0,0,0,1,1
114,Rs,22,1.096064815,1,1,0,0,0,0,1,1
114,s,23,4.909722222,0,1,0,0,1,0,0,1
114,s,24,1.049768519,0,1,0,0,1,0,0,1
114,Tu,25,4.950231481,0,0,1,1,0,0,1,1
114,u,26,4.909722222,0,0,0,1,0,1,0,1
114,u,27,1.078703704,0,0,0,1,0,1,0,1
114,Tu,28,4.880787037,0,0,1,1,0,0,1,1
114,u,29,4.921296296,0,0,0,1,0,1,0,1
114,Tu,30,1.049768519,0,0,1,1,0,0,1,1
114,Tu,31,4.927083333,0,0,1,1,0,0,1,1
114,u,32,4.927083333,0,0,0,1,0,1,1,1
114,u,33,1.130787037,0,0,0,1,0,1,0,1
114,u,34,1.084490741,0,0,0,1,0,1,0,1
114,Tu,35,4.898148148,0,0,1,1,0,0,1,1
114,Tu,36,4.898148148,0,0,1,1,0,0,1,1
114,u,37,1.125,0,0,0,1,0,1,0,1
114,Tu,38,4.857638889,0,0,1,1,0,0,0,1
114,Tu,39,4.857638889,0,0,1,1,0,0,1,1
114,u,40,4.857638889,0,0,0,1,0,1,0,1
114,Tu,41,1.119212963,0,0,1,1,0,0,0,1
114,Tu,42,4.927083333,0,0,1,1,0,0,1,1
114,u,43,4.93287037,0,0,0,1,0,1,0,1
114,u,44,1.136574074,0,0,0,1,0,1,1,1
114,u,45,4.875,0,0,0,1,0,1,0,1
114,Tu,46,1.18287037,0,0,1,1,0,0,0,1
114,Tu,47,4.886574074,0,0,1,1,0,0,1,1
114,u,48,4.886574074,0,0,0,1,0,1,1,1
114,u,49,4.898148148,0,0,0,1,0,1,0,1
114,Rs,50,1.096064815,1,1,0,0,0,0,1,1
114,u,51,1.055555556,0,0,0,1,0,1,1,1
114,s,52,4.892361111,0,1,0,0,1,0,0,1
114,Tu,53,1.148148148,0,0,1,1,0,0,1,1
114,Rs,54,4.915509259,1,1,0,0,0,0,0,1
114,Tu,55,4.81712963,0,0,1,1,0,0,1,1
114,s,56,4.961805556,0,1,0,0,1,0,0,1
114,u,57,4.961805556,0,0,0,1,0,1,0,1
114,Rs,58,4.961805556,1,1,0,0,0,0,1,1
114,Rs,59,4.961805556,1,1,0,0,0,0,1,1
114,u,60,1.061342593,0,0,0,1,0,1,0,1
114,s,61,4.921296296,0,1,0,0,1,0,0,1
114,Tu,62,4.921296296,0,0,1,1,0,0,1,1
114,s,63,4.921296296,0,1,0,0,1,0,1,1
114,Tu,64,4.921296296,0,0,1,1,0,0,0,1
114,Ts,65,4.927083333,0,1,1,0,0,0,0,0
114,R,66,1.136574074,1,0,0,0,0,0,0,0
114,s,67,4.782407407,0,1,0,0,1,0,0,0
114,Ru,68,4.834490741,1,0,0,1,0,0,0,0
114,T,69,1.148148148,0,0,1,0,0,0,0,0
114,Rs,70,4.81712963,1,1,0,0,0,0,0,0
114,Tu,71,4.759259259,0,0,1,1,0,0,0,0
114,u,72,1.078703704,0,0,0,1,0,1,0,0
114,s,73,4.828703704,0,1,0,0,1,0,0,0
114,Ru,74,4.828703704,1,0,0,1,0,0,0,0
114,Tu,75,4.712962963,0,0,1,1,0,0,0,0
114,Rs,76,4.759259259,1,1,0,0,0,0,0,0
114,T,77,4.967592593,0,0,1,0,0,0,0,0
114,Ts,78,1.194444444,0,1,1,0,0,0,0,0
114,R,79,4.707175926,1,0,0,0,0,0,0,0
114,u,80,1.28125,0,0,0,1,0,1,0,0
115,s,1,4.970848971,0,1,0,0,0,0,0,1
115,Rs,2,4.976633006,1,1,0,0,0,0,1,1
115,s,3,4.531275503,0,1,0,0,1,0,0,1
115,Rs,4,4.976633006,1,1,0,0,0,0,1,1
115,Rs,5,1.008905316,1,1,0,0,0,0,1,1
115,Rs,6,3.657913133,1,1,0,0,0,0,0,1
115,s,7,4.970848971,0,1,0,0,1,0,1,1
115,s,8,1.188204992,0,1,0,0,1,0,0,1
115,s,9,4.959281429,0,1,0,0,1,0,0,1
115,Rs,10,4.907226697,1,1,0,0,0,0,1,1
115,s,11,3.050607664,0,1,0,0,1,0,1,1
115,Rs,12,4.820468811,1,1,0,0,0,0,1,1
115,s,13,4.65852058,0,1,0,0,1,0,0,1
115,s,14,4.080134494,0,1,0,0,1,0,1,1
115,Rs,15,2.339192995,1,1,0,0,0,0,1,1
115,Rs,16,4.970848971,1,1,0,0,0,0,0,1
115,s,17,4.936145816,0,1,0,0,1,0,0,1
115,Rs,18,1.795510329,1,1,0,0,0,0,1,1
115,Rs,19,4.988200548,1,1,0,0,0,0,1,1
115,s,20,1.003121545,0,1,0,0,1,0,0,1
115,Rs,21,4.965064935,1,1,0,0,0,0,0,1
115,Rs,22,4.976633006,1,1,0,0,0,0,1,1
115,s,23,4.832036352,0,1,0,0,1,0,0,1
115,s,24,4.936145816,0,1,0,0,1,0,0,1
115,Tu,25,3.13736555,0,0,1,1,0,0,1,1
115,u,26,4.959281429,0,0,0,1,0,1,0,1
115,u,27,1.512101057,0,0,0,1,0,1,0,1
115,Tu,28,2.934930393,0,0,1,1,0,0,0,1
115,u,29,4.785765656,0,0,0,1,0,1,0,1
115,Tu,30,1.42534317,0,0,1,1,0,0,1,1
115,u,31,4.519707961,0,0,0,1,0,1,0,1
115,Tu,32,4.976633006,0,0,1,1,0,0,1,1
115,u,33,4.982416512,0,0,0,1,0,1,1,1
115,Tu,34,3.050607664,0,0,1,1,0,0,0,1
115,u,35,4.970848971,0,0,0,1,0,1,0,1
115,Tu,36,4.988200548,0,0,1,1,0,0,1,1
115,Tu,37,4.999768089,0,0,1,1,0,0,1,1
115,Tu,38,4.965064935,0,0,1,1,0,0,1,1
115,u,39,4.646953038,0,0,0,1,0,1,0,1
115,u,40,4.803117233,0,0,0,1,0,1,0,1
115,Tu,41,4.878307049,0,0,1,1,0,0,1,1
115,Tu,42,1.084095528,0,0,1,1,0,0,0,1
115,u,43,3.073743012,0,0,0,1,0,1,1,1
115,u,44,4.311489034,0,0,0,1,0,1,0,1
115,Tu,45,1.413775629,0,0,1,1,0,0,1,1
115,u,46,2.992769161,0,0,0,1,0,1,1,1
115,Tu,47,4.797333198,0,0,1,1,0,0,1,1
115,u,48,1.118798683,0,0,0,1,0,1,0,1
115,Tu,49,1.020473122,0,0,1,1,0,0,1,1
115,s,50,3.004336703,0,1,0,0,1,0,0,1
115,s,51,4.918794239,0,1,0,0,1,0,0,1
115,Rs,52,4.982416512,1,1,0,0,0,0,1,1
115,u,53,1.332801513,0,0,0,1,0,1,1,1
115,Rs,54,4.970848971,1,1,0,0,0,0,0,1
115,Tu,55,4.993984583,0,0,1,1,0,0,1,1
115,u,56,3.02168828,0,0,0,1,0,1,0,1
115,u,57,1.020473122,0,0,0,1,0,1,0,1
115,Tu,58,4.884091084,0,0,1,1,0,0,0,1
115,Rs,59,1.026256893,1,1,0,0,0,0,1,1
115,Rs,60,1.026256893,1,1,0,0,0,0,1,1
115,s,61,2.969633548,0,1,0,0,1,0,1,1
115,u,62,1.049392373,0,0,0,1,0,1,0,1
115,s,63,4.103270107,0,1,0,0,1,0,0,1
115,Tu,64,1.037824699,0,0,1,1,0,0,1,1
115,u,65,4.84938793,0,0,0,1,0,1,0,0
115,T,66,4.988200548,0,0,1,0,0,0,0,0
115,s,67,3.050607664,0,1,0,0,1,0,0,0
115,Rs,68,1.003121545,1,1,0,0,0,0,0,0
115,R,69,2.986985125,1,0,0,0,0,0,0,0
115,Ts,70,4.982416512,0,1,1,0,0,0,0,0
115,Tu,71,1.066743951,0,0,1,1,0,0,0,0
115,Ru,72,4.976633006,1,0,0,1,0,0,0,0
115,Ru,73,1.720319984,1,0,0,1,0,0,0,0
115,T,74,4.837820388,0,0,1,0,0,0,0,0
115,s,75,4.982416512,0,1,0,0,1,0,0,0
115,u,76,2.877091891,0,0,0,1,0,1,0,0
115,Rs,77,1.014689219,1,1,0,0,0,0,0,0
115,Tu,78,4.988200548,0,0,1,1,0,0,0,0
115,R,79,4.473437265,1,0,0,0,0,0,0,0
115,Ts,80,1.153501837,0,1,1,0,0,0,0,0
116,s,1,2.988425926,0,1,0,0,0,0,0,1
116,Rs,2,3.005787037,1,1,0,0,0,0,1,1
116,Rs,3,4.927083333,1,1,0,0,0,0,1,1
116,s,4,1.142361111,0,1,0,0,1,0,0,1
116,Rs,5,4.898148148,1,1,0,0,0,0,1,1
116,s,6,1.038194444,0,1,0,0,1,0,0,1
116,Rs,7,4.950231481,1,1,0,0,0,0,0,1
116,s,8,1.090277778,0,1,0,0,1,0,1,1
116,Rs,9,1.096064815,1,1,0,0,0,0,1,1
116,s,10,2.947916667,0,1,0,0,1,0,0,1
116,Rs,11,3.821759259,1,1,0,0,0,0,0,1
116,s,12,4.880787037,0,1,0,0,1,0,0,1
116,Rs,13,1.825231481,1,1,0,0,0,0,0,1
116,s,14,4.284722222,0,1,0,0,1,0,1,1
116,Rs,15,2.288194444,1,1,0,0,0,0,1,1
116,s,16,4.846064815,0,1,0,0,1,0,0,1
116,Rs,17,3.885416667,1,1,0,0,0,0,1,1
116,Rs,18,4.927083333,1,1,0,0,0,0,1,1
116,s,19,1.165509259,0,1,0,0,1,0,0,1
116,s,20,3.532407407,0,1,0,0,1,0,0,1
116,s,21,1.616898148,0,1,0,0,1,0,0,1
116,Rs,22,4.97337963,1,1,0,0,0,0,1,1
116,s,23,1.640046296,0,1,0,0,1,0,1,1
116,Rs,24,3.462962963,1,1,0,0,0,0,1,1
116,u,25,3,0,0,0,1,0,0,0,1
116,u,26,2.994212963,0,0,0,1,0,0,1,1
116,Tu,27,2.959490741,0,0,1,1,0,0,1,1
116,Tu,28,4.927083333,0,0,1,1,0,0,1,1
116,u,29,2.6875,0,0,0,1,0,1,0,1
116,u,30,1.813657407,0,0,0,1,0,1,0,1
116,Tu,31,4.97337963,0,0,1,1,0,0,1,1
116,Tu,32,4.961805556,0,0,1,1,0,0,1,1
116,u,33,1.159722222,0,0,0,1,0,1,0,1
116,u,34,1.240740741,0,0,0,1,0,1,1,1
116,Tu,35,3.653935185,0,0,1,1,0,0,1,1
116,Tu,36,4.915509259,0,0,1,1,0,0,0,1
116,u,37,3.011574074,0,0,0,1,0,1,0,1
116,Tu,38,2.982638889,0,0,1,1,0,0,1,1
116,Tu,39,4.892361111,0,0,1,1,0,0,0,1
116,u,40,2.143518519,0,0,0,1,0,1,0,1
116,Tu,41,4.736111111,0,0,1,1,0,0,1,1
116,Tu,42,3.011574074,0,0,1,1,0,0,1,1
116,u,43,2.461805556,0,0,0,1,0,1,0,1
116,u,44,1.998842593,0,0,0,1,0,1,0,1
116,Tu,45,4.5625,0,0,1,1,0,0,1,1
116,u,46,1.935185185,0,0,0,1,0,1,1,1
116,u,47,2.982638889,0,0,0,1,0,1,0,1
116,Tu,48,4.77662037,0,0,1,1,0,0,0,1
116,s,49,1.917824074,0,1,0,0,1,0,0,1
116,Tu,50,4.666666667,0,0,1,1,0,0,1,1
116,u,51,3.335648148,0,0,0,1,0,1,1,1
116,Rs,52,3.515046296,1,1,0,0,0,0,0,1
116,Rs,53,3.503472222,1,1,0,0,0,0,1,1
116,s,54,2.328703704,0,1,0,0,1,0,0,1
116,u,55,3.017361111,0,0,0,1,0,1,0,1
116,Tu,56,4.591435185,0,0,1,1,0,0,1,1
116,u,57,3.474537037,0,0,0,1,0,1,0,1
116,Tu,58,4.5625,0,0,1,1,0,0,0,1
116,Tu,59,3.607638889,0,0,1,1,0,0,1,1
116,Rs,60,4.209490741,1,1,0,0,0,0,1,1
116,s,61,1.929398148,0,1,0,0,1,0,0,1
116,s,62,1.732638889,0,1,0,0,1,0,1,1
116,u,63,3,0,0,0,1,0,1,0,1
116,Rs,64,4.09375,1,1,0,0,0,0,1,1
116,R,65,2.085648148,1,0,0,0,0,0,0,0
116,s,66,2.166666667,0,1,0,0,1,0,0,0
116,Rs,67,4.736111111,1,1,0,0,0,0,0,0
116,Ts,68,2.021990741,0,1,1,0,0,0,0,0
116,u,69,3.046296296,0,0,0,1,0,1,0,0
116,T,70,2.178240741,0,0,1,0,0,0,0,0
116,Tu,71,4.753472222,0,0,1,1,0,0,0,0
116,Ru,72,2.097222222,1,0,0,1,0,0,0,0
116,Ru,73,2.265046296,1,0,0,1,0,0,0,0
116,s,74,2.994212963,0,1,0,0,1,0,0,0
116,u,75,3.017361111,0,0,0,1,0,1,0,0
116,T,76,1.819444444,0,0,1,0,0,0,0,0
116,Ts,77,1.518518519,0,1,1,0,0,0,0,0
116,Tu,78,4.672453704,0,0,1,1,0,0,0,0
116,Rs,79,4.938657407,1,1,0,0,0,0,0,0
116,R,80,3.011574074,1,0,0,0,0,0,0,0
117,s,1,3.001060139,0,1,0,0,0,0,0,1
117,Rs,2,2.988727153,1,1,0,0,0,0,1,1
117,s,3,2.511851298,0,1,0,0,1,0,0,1
117,Rs,4,4.41524326,1,1,0,0,0,0,1,1
117,s,5,2.010309747,0,1,0,0,1,0,1,1
117,Rs,6,4.879785851,1,1,0,0,0,0,0,1
117,Rs,7,4.698901676,1,1,0,0,0,0,1,1
117,s,8,3.572488707,0,1,0,0,1,0,0,1
117,Rs,9,4.945561964,1,1,0,0,0,0,1,1
117,s,10,3.27649675,0,1,0,0,1,0,1,1
117,s,11,3.551933637,0,1,0,0,1,0,0,1
117,Rs,12,4.896230018,1,1,0,0,0,0,1,1
117,s,13,2.931173122,0,1,0,0,1,0,0,1
117,Rs,14,4.966117034,1,1,0,0,0,0,0,1
117,Rs,15,4.205582209,1,1,0,0,0,0,1,1
117,s,16,2.959949722,0,1,0,0,1,0,0,1
117,s,17,3.029837016,0,1,0,0,1,0,1,1
117,Rs,18,4.152139359,1,1,0,0,0,0,1,1
117,Rs,19,4.213804015,1,1,0,0,0,0,0,1
117,s,20,2.676291305,0,1,0,0,1,0,0,1
117,s,21,3.021614655,0,1,0,0,1,0,0,1
117,s,22,3.021614655,0,1,0,0,1,0,0,1
117,Rs,23,3.021614655,1,1,0,0,0,0,1,1
117,Rs,24,3.009281669,1,1,0,0,0,0,1,1
117,u,25,2.984615695,0,0,0,1,0,0,0,1
117,u,26,2.984615695,0,0,0,1,0,0,1,1
117,Tu,27,2.984615695,0,0,1,1,0,0,0,1
117,Tu,28,2.984615695,0,0,1,1,0,0,1,1
117,u,29,2.984615695,0,0,0,1,0,1,1,1
117,Tu,30,3.584821694,0,0,1,1,0,0,1,1
117,Tu,31,3.930145598,0,0,1,1,0,0,1,1
117,u,32,3.025726113,0,0,0,1,0,1,0,1
117,Tu,33,4.164471514,0,0,1,1,0,0,1,1
117,Tu,34,4.291913393,0,0,1,1,0,0,0,1
117,u,35,2.285746357,0,0,0,1,0,1,0,1
117,u,36,1.952755717,0,0,0,1,0,1,0,1
117,Tu,37,3.576599611,0,0,1,1,0,0,1,1
117,u,38,2.096640654,0,0,0,1,0,1,0,1
117,u,39,1.92397884,0,0,0,1,0,1,0,1
117,Tu,40,3.995921158,0,0,1,1,0,0,1,1
117,u,41,1.619764522,0,0,0,1,0,1,0,1
117,Tu,42,3.971254631,0,0,1,1,0,0,1,1
117,u,43,1.895201686,0,0,0,1,0,1,0,1
117,Tu,44,4.172694429,0,0,1,1,0,0,1,1
117,u,45,1.595098548,0,0,0,1,0,1,0,1
117,u,46,1.595098548,0,0,0,1,0,1,1,1
117,Tu,47,3.399826894,0,0,1,1,0,0,0,1
117,Tu,48,2.853063745,0,0,1,1,0,0,1,1
117,Tu,49,2.996948682,0,0,1,1,0,0,1,1
117,s,50,2.996948682,0,1,0,0,1,0,0,1
117,Tu,51,2.902395969,0,0,1,1,0,0,1,1
117,s,52,2.158305587,0,1,0,0,1,0,0,1
117,u,53,1.86231363,0,0,0,1,0,1,1,1
117,Rs,54,1.553988962,1,1,0,0,0,0,0,1
117,Rs,55,1.459435972,1,1,0,0,0,0,1,1
117,u,56,1.278552075,0,0,0,1,0,1,0,1
117,s,57,1.212776238,0,1,0,0,1,0,0,1
117,Rs,58,2.943506109,1,1,0,0,0,0,1,1
117,Rs,59,3.301162723,1,1,0,0,0,0,1,1
117,Tu,60,3.461491827,0,0,1,1,0,0,1,1
117,s,61,1.508767919,0,1,0,0,1,0,1,1
117,Tu,62,3.025726113,0,0,1,1,0,0,0,1
117,u,63,2.996948682,0,0,0,1,0,1,0,1
117,u,64,2.096640654,0,0,0,1,0,1,0,1
117,Ru,65,3.021614655,1,0,0,1,0,0,0,0
117,Tu,66,3.021614655,0,0,1,1,0,0,0,0
117,R,67,3.013393126,1,0,0,0,0,0,0,0
117,T,68,3.013393126,0,0,1,0,0,0,0,0
117,Rs,69,3.013393126,1,1,0,0,0,0,0,0
117,u,70,3.013393126,0,0,0,1,0,1,0,0
117,Ts,71,3.190165566,0,1,1,0,0,0,0,0
117,s,72,3.190165566,0,1,0,0,1,0,0,0
117,R,73,3.190165566,1,0,0,0,0,0,0,0
117,s,74,3.190165566,0,1,0,0,1,0,0,0
117,Ts,75,3.091501949,0,1,1,0,0,0,0,0
117,T,76,3.091501949,0,0,1,0,0,0,0,0
117,Ru,77,3.091501949,1,0,0,1,0,0,0,0
117,Tu,78,3.091501949,0,0,1,1,0,0,0,0
117,Rs,79,3.066835976,1,1,0,0,0,0,0,0
117,u,80,3.066835976,0,0,0,1,0,1,0,0
118,Tu,1,4.834490741,0,0,1,1,0,0,1,1
118,Tu,2,4.892361111,0,0,1,1,0,0,1,1
118,u,3,1.148148148,0,0,0,1,0,1,0,1
118,u,4,1.032407407,0,0,0,1,0,1,0,1
118,u,5,1.084490741,0,0,0,1,0,1,0,1
118,Tu,6,4.811342593,0,0,1,1,0,0,1,1
118,Tu,7,4.793981481,0,0,1,1,0,0,0,1
118,u,8,1.096064815,0,0,0,1,0,1,0,1
118,u,9,3.040509259,0,0,0,1,0,1,0,1
118,Tu,10,2.976851852,0,0,1,1,0,0,1,1
118,Tu,11,4.701388889,0,0,1,1,0,0,1,1
118,u,12,1.06712963,0,0,0,1,0,1,0,1
118,Tu,13,4.875,0,0,1,1,0,0,0,1
118,u,14,1.194444444,0,0,0,1,0,1,1,1
118,u,15,4.770833333,0,0,0,1,0,1,0,1
118,Tu,16,1.142361111,0,0,1,1,0,0,1,1
118,Tu,17,4.921296296,0,0,1,1,0,0,1,1
118,u,18,4.695601852,0,0,0,1,0,1,0,1
118,u,19,4.875,0,0,0,1,0,1,1,1
118,Tu,20,1.177083333,0,0,1,1,0,0,0,1
118,u,21,2.94212963,0,0,0,1,0,1,0,1
118,u,22,1.18287037,0,0,0,1,0,1,1,1
118,Tu,23,1.020833333,0,0,1,1,0,0,1,1
118,Tu,24,4.759259259,0,0,1,1,0,0,1,1
118,Rs,25,4.915509259,1,1,0,0,0,0,1,1
118,s,26,1.211805556,0,1,0,0,0,0,0,1
118,s,27,4.62037037,0,1,0,0,1,0,0,1
118,Rs,28,4.799768519,1,1,0,0,0,0,1,1
118,s,29,1.28125,0,1,0,0,1,0,0,1
118,Rs,30,4.81712963,1,1,0,0,0,0,1,1
118,s,31,4.707175926,0,1,0,0,1,0,1,1
118,Rs,32,1.304398148,1,1,0,0,0,0,1,1
118,s,33,1.292824074,0,1,0,0,1,0,1,1
118,Rs,34,4.71875,1,1,0,0,0,0,0,1
118,s,35,2.832175926,0,1,0,0,1,0,0,1
118,Rs,36,4.93287037,1,1,0,0,0,0,1,1
118,s,37,4.822916667,0,1,0,0,1,0,0,1
118,s,38,4.741898148,0,1,0,0,1,0,0,1
118,Rs,39,4.875,1,1,0,0,0,0,1,1
118,Rs,40,1.344907407,1,1,0,0,0,0,1,1
118,s,41,1.148148148,0,1,0,0,1,0,0,1
118,Rs,42,1.130787037,1,1,0,0,0,0,0,1
118,Rs,43,1.206018519,1,1,0,0,0,0,1,1
118,s,44,1.425925926,0,1,0,0,1,0,1,1
118,Rs,45,2.699074074,1,1,0,0,0,0,0,1
118,Rs,46,4.475694444,1,1,0,0,0,0,1,1
118,s,47,4.475694444,0,1,0,0,1,0,0,1
118,s,48,4.475694444,0,1,0,0,1,0,0,1
118,Rs,49,4.608796296,1,1,0,0,0,0,0,1
118,Rs,50,4.631944444,1,1,0,0,0,0,1,1
118,Tu,51,4.631944444,0,0,1,1,0,0,1,1
118,s,52,1.055555556,0,1,0,0,1,0,0,1
118,u,53,1.090277778,0,0,0,1,0,1,1,1
118,s,54,4.516203704,0,1,0,0,1,0,0,1
118,u,55,4.516203704,0,0,0,1,0,1,0,1
118,Tu,56,4.516203704,0,0,1,1,0,0,1,1
118,Tu,57,4.516203704,0,0,1,1,0,0,1,1
118,Rs,58,4.516203704,1,1,0,0,0,0,1,1
118,u,59,1.350694444,0,0,0,1,0,1,0,1
118,Tu,60,4.40625,0,0,1,1,0,0,0,1
118,s,61,3.127314815,0,1,0,0,1,0,1,1
118,u,62,3.127314815,0,0,0,1,0,1,0,1
118,s,63,3.127314815,0,1,0,0,1,0,0,1
118,Rs,64,4.730324074,1,1,0,0,0,0,1,1
118,T,65,4.730324074,0,0,1,0,0,0,0,0
118,Ru,66,4.730324074,1,0,0,1,0,0,0,0
118,R,67,4.377314815,1,0,0,0,0,0,0,0
118,Rs,68,1.501157407,1,1,0,0,0,0,0,0
118,s,69,2.664351852,0,1,0,0,1,0,0,0
118,u,70,2.664351852,0,0,0,1,0,1,0,0
118,Tu,71,4.62037037,0,0,1,1,0,0,0,0
118,Ts,72,1.234953704,0,1,1,0,0,0,0,0
118,T,73,4.284722222,0,0,1,0,0,0,0,0
118,Tu,74,4.765046296,0,0,1,1,0,0,0,0
118,Ru,75,4.765046296,1,0,0,1,0,0,0,0
118,s,76,1.304398148,0,1,0,0,1,0,0,0
118,R,77,4.423611111,1,0,0,0,0,0,0,0
118,Rs,78,4.527777778,1,1,0,0,0,0,0,0
118,u,79,2.762731481,0,0,0,1,0,1,0,0
118,Ts,80,2.803240741,0,1,1,0,0,0,0,0
119,Tu,1,3.027777778,0,0,1,1,0,0,1,1
119,u,2,4.944444444,0,0,0,1,0,1,0,1
119,Tu,3,4.978395062,0,0,1,1,0,0,1,1
119,u,4,1.033950617,0,0,0,1,0,1,0,1
119,Tu,5,3.040123457,0,0,1,1,0,0,1,1
119,u,6,1.00617284,0,0,0,1,0,1,0,1
119,u,7,4.962962963,0,0,0,1,0,1,0,1
119,Tu,8,4.87037037,0,0,1,1,0,0,1,1
119,Tu,9,4.99382716,0,0,1,1,0,0,1,1
119,u,10,3.070987654,0,0,0,1,0,1,0,1
119,u,11,1.037037037,0,0,0,1,0,1,0,1
119,Tu,12,4.959876543,0,0,1,1,0,0,0,1
119,Tu,13,3.074074074,0,0,1,1,0,0,0,1
119,u,14,1.049382716,0,0,0,1,0,1,0,1
119,u,15,1.009259259,0,0,0,1,0,1,1,1
119,Tu,16,4.990740741,0,0,1,1,0,0,1,1
119,u,17,1.037037037,0,0,0,1,0,1,1,1
119,Tu,18,1.037037037,0,0,1,1,0,0,1,1
119,u,19,1.021604938,0,0,0,1,0,1,0,1
119,Tu,20,4.910493827,0,0,1,1,0,0,1,1
119,u,21,4.984567901,0,0,0,1,0,1,0,1
119,Tu,22,4.978395062,0,0,1,1,0,0,0,1
119,u,23,2.938271605,0,0,0,1,0,1,1,1
119,Tu,24,4.975308642,0,0,1,1,0,0,1,1
119,s,25,4.953703704,0,1,0,0,0,0,0,1
119,s,26,2.987654321,0,1,0,0,0,0,0,1
119,Rs,27,2.99382716,1,1,0,0,0,0,1,1
119,Rs,28,3.052469136,1,1,0,0,0,0,1,1
119,s,29,1.058641975,0,1,0,0,1,0,0,1
119,Rs,30,4.925925926,1,1,0,0,0,0,0,1
119,s,31,3.00617284,0,1,0,0,1,0,1,1
119,Rs,32,3.00617284,1,1,0,0,0,0,1,1
119,Rs,33,3.117283951,1,1,0,0,0,0,1,1
119,s,34,3.037037037,0,1,0,0,1,0,1,1
119,Rs,35,3.037037037,1,1,0,0,0,0,0,1
119,s,36,3.037037037,0,1,0,0,1,0,0,1
119,Rs,37,3.037037037,1,1,0,0,0,0,1,1
119,s,38,1.012345679,0,1,0,0,1,0,0,1
119,Rs,39,2.938271605,1,1,0,0,0,0,1,1
119,s,40,4.87962963,0,1,0,0,1,0,0,1
119,s,41,2.87654321,0,1,0,0,1,0,1,1
119,Rs,42,2.820987654,1,1,0,0,0,0,1,1
119,Rs,43,2.99691358,1,1,0,0,0,0,1,1
119,s,44,2.913580247,0,1,0,0,1,0,0,1
119,s,45,2.783950617,0,1,0,0,1,0,0,1
119,s,46,3.237654321,0,1,0,0,1,0,0,1
119,Rs,47,3.052469136,1,1,0,0,0,0,1,1
119,Rs,48,2.824074074,1,1,0,0,0,0,0,1
119,u,49,4.984567901,0,0,0,1,0,1,0,1
119,Rs,50,3.021604938,1,1,0,0,0,0,0,1
119,Tu,51,3.092592593,0,0,1,1,0,0,1,1
119,Rs,52,3.058641975,1,1,0,0,0,0,1,1
119,s,53,1.012345679,0,1,0,0,1,0,0,1
119,s,54,4.944444444,0,1,0,0,1,0,0,1
119,Tu,55,3.074074074,0,0,1,1,0,0,1,1
119,u,56,2.891975309,0,0,0,1,0,1,1,1
119,Rs,57,3.145061728,1,1,0,0,0,0,1,1
119,u,58,2.74691358,0,0,0,1,0,1,0,1
119,Tu,59,2.984567901,0,0,1,1,0,0,1,1
119,Rs,60,3.108024691,1,1,0,0,0,0,1,1
119,Tu,61,3.024691358,0,0,1,1,0,0,0,1
119,s,62,3.101851852,0,1,0,0,1,0,0,1
119,u,63,3.00308642,0,0,0,1,0,1,0,1
119,s,64,3.049382716,0,1,0,0,1,0,1,1
119,R,65,2.938485198,1,0,0,0,0,0,0,0
119,Ts,66,2.788542868,0,1,1,0,0,0,0,0
119,u,67,2.838523645,0,0,0,1,0,1,0,0
119,Tu,68,2.85005767,0,0,1,1,0,0,0,0
119,T,69,3.026912726,0,0,1,0,0,0,0,0
119,Rs,70,3.046136101,1,1,0,0,0,0,0,0
119,s,71,3.061514802,0,1,0,0,1,0,0,0
119,Ru,72,3.026912726,1,0,0,1,0,0,0,0
119,R,73,3.026912726,1,0,0,0,0,0,0,0
119,Tu,74,3.026912726,0,0,1,1,0,0,0,0
119,s,75,3.026912726,0,1,0,0,1,0,0,0
119,u,76,3.026912726,0,0,0,1,0,1,0,0
119,T,77,3.026912726,0,0,1,0,0,0,0,0
119,Rs,78,3.026912726,1,1,0,0,0,0,0,0
119,Ru,79,3.026912726,1,0,0,1,0,0,0,0
119,Ts,80,3.026912726,0,1,1,0,0,0,0,0
120,Rs,1,1.736625514,1,1,0,0,0,0,1,1
120,s,2,2.950617284,0,1,0,0,1,0,0,1
120,s,3,3.720164609,0,1,0,0,1,0,0,1
120,Rs,4,2.958847737,1,1,0,0,0,0,1,1
120,Rs,5,4.197530864,1,1,0,0,0,0,1,1
120,s,6,2.176954733,0,1,0,0,1,0,0,1
120,s,7,2.041152263,0,1,0,0,1,0,0,1
120,Rs,8,4.024691358,1,1,0,0,0,0,1,1
120,Rs,9,4.16872428,1,1,0,0,0,0,0,1
120,s,10,3.49382716,0,1,0,0,1,0,0,1
120,Rs,11,2.987654321,1,1,0,0,0,0,1,1
120,s,12,1.658436214,0,1,0,0,1,0,0,1
120,s,13,1.66255144,0,1,0,0,1,0,0,1
120,Rs,14,3.732510288,1,1,0,0,0,0,1,1
120,Rs,15,4.456790123,1,1,0,0,0,0,0,1
120,s,16,1.810699588,0,1,0,0,1,0,1,1
120,s,17,2.930041152,0,1,0,0,1,0,0,1
120,s,18,2.967078189,0,1,0,0,1,0,1,1
120,Rs,19,3.366255144,1,1,0,0,0,0,0,1
120,Rs,20,2.917695473,1,1,0,0,0,0,1,1
120,s,21,1.814814815,0,1,0,0,1,0,0,1
120,Rs,22,3.172839506,1,1,0,0,0,0,1,1
120,s,23,2.917695473,0,1,0,0,1,0,1,1
120,Rs,24,3.497942387,1,1,0,0,0,0,1,1
120,u,25,2.95473251,0,0,0,1,0,0,1,1
120,Tu,26,2.316872428,0,0,1,1,0,0,0,1
120,Tu,27,1.683127572,0,0,1,1,0,0,1,1
120,u,28,3.242798354,0,0,0,1,0,1,0,1
120,u,29,3.637860082,0,0,0,1,0,1,1,1
120,Tu,30,2.967078189,0,0,1,1,0,0,1,1
120,u,31,3.181069959,0,0,0,1,0,1,0,1
120,Tu,32,4,0,0,1,1,0,0,1,1
120,u,33,2.448559671,0,0,0,1,0,1,0,1
120,Tu,34,4.395061728,0,0,1,1,0,0,0,1
120,Tu,35,3.530864198,0,0,1,1,0,0,1,1
120,u,36,2.518518519,0,0,0,1,0,1,0,1
120,Tu,37,3.374485597,0,0,1,1,0,0,1,1
120,u,38,2.942386831,0,0,0,1,0,1,0,1
120,u,39,1.913580247,0,0,0,1,0,1,0,1
120,Tu,40,4.242798354,0,0,1,1,0,0,1,1
120,u,41,1.399176955,0,0,0,1,0,1,0,1
120,Tu,42,4.526748971,0,0,1,1,0,0,0,1
120,u,43,1.596707819,0,0,0,1,0,1,1,1
120,Tu,44,2.95473251,0,0,1,1,0,0,1,1
120,u,45,1.744855967,0,0,0,1,0,1,0,1
120,u,46,1.995884774,0,0,0,1,0,1,0,1
120,Tu,47,4.049382716,0,0,1,1,0,0,1,1
120,Tu,48,4.053497942,0,0,1,1,0,0,1,1
120,Rs,49,3.283950617,1,1,0,0,0,0,0,1
120,u,50,2.950617284,0,0,0,1,0,1,0,1
120,Tu,51,3.905349794,0,0,1,1,0,0,1,1
120,s,52,2.551440329,0,1,0,0,1,0,0,1
120,s,53,2.395061728,0,1,0,0,1,0,0,1
120,Rs,54,2.962962963,1,1,0,0,0,0,1,1
120,Tu,55,4.37037037,0,0,1,1,0,0,1,1
120,u,56,1.888888889,0,0,0,1,0,1,1,1
120,Tu,57,1.925925926,0,0,1,1,0,0,0,1
120,u,58,2.329218107,0,0,0,1,0,1,0,1
120,s,59,2.098765432,0,1,0,0,1,0,0,1
120,Rs,60,2.942386831,1,1,0,0,0,0,1,1
120,Rs,61,3.769547325,1,1,0,0,0,0,1,1
120,u,62,1.802469136,0,0,0,1,0,1,0,1
120,Tu,63,4.444444444,0,0,1,1,0,0,1,1
120,s,64,1.868312757,0,1,0,0,1,0,1,1
120,Ts,65,3.230452675,0,1,1,0,0,0,0,0
120,T,66,3.609053498,0,0,1,0,0,0,0,0
120,s,67,2.526748971,0,1,0,0,1,0,0,0
120,R,68,2.382716049,1,0,0,0,0,0,0,0
120,Ru,69,3.720164609,1,0,0,1,0,0,0,0
120,Tu,70,2.069958848,0,0,1,1,0,0,0,0
120,u,71,2.49382716,0,0,0,1,0,1,0,0
120,Rs,72,3.427983539,1,1,0,0,0,0,0,0
120,Tu,73,3.448559671,0,0,1,1,0,0,0,0
120,u,74,3.041152263,0,0,0,1,0,1,0,0
120,s,75,1.757201646,0,1,0,0,1,0,0,0
120,T,76,3.271604938,0,0,1,0,0,0,0,0
120,Ru,77,3.732510288,1,0,0,1,0,0,0,0
120,Ts,78,3.209876543,0,1,1,0,0,0,0,0
120,Rs,79,1.794238683,1,1,0,0,0,0,0,0
120,R,80,2.567901235,1,0,0,0,0,0,0,0
